"Fon Kodu","Fon Adı","Şemsiye Fon Türü","1 Ay (%)","3 Ay (%)","6 Ay (%)","Yılbaşı (%)","1 Yıl (%)","3 Yıl (%)","5 Yıl (%)"
"DDA","DENİZ PORTFÖY BANKACILIK SEKTÖRÜ HİSSE SENEDİ SERBEST FON (HİSSE SENEDİ YOĞUN FON)","Serbest Şemsiye Fonu","-12,0634","3,7031","48,8083","60,4259","109,7914","932,3207","-"
"IPB","İSTANBUL PORTFÖY BİRİNCİ DEĞİŞKEN FON","Değişken Şemsiye Fonu","5,8471","19,2292","39,0574","56,9042","101,0554","1.090,8077","2.084,8739"
"IIH","İSTANBUL PORTFÖY ÜÇÜNCÜ HİSSE SENEDİ FONU (HİSSE SENEDİ YOĞUN FON)","Hisse Senedi Şemsiye Fonu","-8,0520","7,5166","35,3902","65,3450","93,1988","1.310,5443","-"
"IHK","İŞ PORTFÖY İŞ'TE KADIN HİSSE SENEDİ (TL) FONU (HİSSE SENEDİ YOĞUN FON)","Hisse Senedi Şemsiye Fonu","-10,0836","10,2644","36,6731","68,7754","92,1063","1.210,5251","-"
"IIE","İSTANBUL PORTFÖY ONDÖRDÜNCÜ SERBEST FON","Serbest Şemsiye Fonu","25,4777","46,6374","58,9079","79,8565","91,9578","-","-"
"TAU","İŞ PORTFÖY BIST BANKA ENDEKSİ HİSSE SENEDİ (TL) FONU (HİSSE SENEDİ YOĞUN FON)","Hisse Senedi Şemsiye Fonu","-13,6748","2,0374","36,6966","61,3852","91,1529","1.000,8990","939,4621"
"YZH","TEB PORTFÖY BIST BANKA ENDEKSİ HİSSE SENEDİ FONU (HİSSE SENEDİ YOĞUN)","Hisse Senedi Şemsiye Fonu","-13,8775","1,4654","36,0197","59,2111","88,5308","976,5686","-"
"ICZ","AK PORTFÖY TEKNOLOJİ ŞİRKETLERİ HİSSE SENEDİ (TL) FONU (HİSSE SENEDİ YOĞUN FON)","Hisse Senedi Şemsiye Fonu","-2,3937","-4,2870","-4,2688","48,4097","88,3784","400,9918","-"
"ADP","AK PORTFÖY BIST BANKA ENDEKSİ HİSSE SENEDİ (TL) FONU (HİSSE SENEDİ YOĞUN FON)","Hisse Senedi Şemsiye Fonu","-13,6731","1,4116","35,8879","58,9498","87,9939","992,6124","927,4855"
"TI2","İŞ PORTFÖY HİSSE SENEDİ (TL) FONU (HİSSE SENEDİ YOĞUN FON)","Hisse Senedi Şemsiye Fonu","-10,4422","9,1513","33,2622","64,3603","87,1553","1.152,0862","1.763,7223"
"YCP","YAPI KREDİ PORTFÖY BANKACILIK SEKTÖRÜ HİSSE SENEDİ SERBEST FON (HİSSE SENEDİ YOĞUN FON)","Serbest Şemsiye Fonu","-13,9274","1,4900","35,1976","58,9729","86,4015","-","-"
"IZB","İSTANBUL PORTFÖY BİRİNCİ FON SEPETİ SERBEST FON","Serbest Şemsiye Fonu","5,9957","20,4035","41,2185","61,8548","86,1620","-","-"
"BST","PARDUS PORTFÖY BANKACILIK SEKTÖRÜ DIŞI ŞİRKETLER HİSSE SENEDİ SERBEST (TL) FON (HİSSE SENEDİ YOĞUN FON)","Serbest Şemsiye Fonu","-3,7039","8,3801","22,5540","50,5261","85,6200","-","-"
"KYA","KARE PORTFÖY HİSSE SENEDİ FONU(HİSSE SENEDİ YOĞUN FON)","Hisse Senedi Şemsiye Fonu","-8,4864","3,1108","31,8872","66,1064","83,8179","1.041,4531","1.871,8049"
"YHZ","YAPI KREDİ PORTFÖY BIST TEKNOLOJİ AĞIRLIK SINIRLAMALI ENDEKSİ HİSSE SENEDİ FONU ( HİSSE SENEDİ YOĞUN FON)","Hisse Senedi Şemsiye Fonu","-2,0231","-1,8259","-1,7718","46,4842","83,1311","402,6874","-"
"LLA","ALLBATROSS PORTFÖY AYDIN HİSSE SENEDİ SERBEST (TL) FON (HİSSE SENEDİ YOĞUN FON)","Serbest Şemsiye Fonu","6,5648","-1,3427","-2,6940","35,3135","82,3540","-","-"
"TTE","İŞ PORTFÖY BIST TEKNOLOJİ AĞIRLIK SINIRLAMALI ENDEKSİ HİSSE SENEDİ (TL) FONU (HİSSE SENEDİ YOĞUN FON)","Hisse Senedi Şemsiye Fonu","-1,0778","-1,5228","-7,1579","42,4980","81,4943","505,4992","1.910,3292"
"ZFB","AK PORTFÖY FİNTEK VE BLOKZİNCİRİ TEKNOLOJİLERİ DEĞİŞKEN FON","Değişken Şemsiye Fonu","-2,6536","-1,1061","11,2753","25,0599","80,4625","-","-"
"IVY","İSTANBUL PORTFÖY BLOCKCHAİN TEKNOLOJİLERİ KARMA FON","Karma Şemsiye Fonu","-2,5587","9,8643","11,4846","27,3957","79,0815","-","-"
"IDH","İŞ PORTFÖY BIST 100 DIŞI ŞİRKETLER HİSSE SENEDİ (TL) FONU (HİSSE SENEDİ YOĞUN FON)","Hisse Senedi Şemsiye Fonu","-10,5426","3,6566","26,4450","54,9285","79,0549","811,8975","-"
"ZVO","ZİRAAT PORTFÖY ÜÇÜNCÜ SERBEST (TL) FON","Serbest Şemsiye Fonu","3,2024","11,8380","35,0406","6,1428","77,4862","-","-"
"IRT","INVEO PORTFÖY TEKNOLOJİ DEĞİŞKEN FON","Değişken Şemsiye Fonu","-1,5943","4,4930","15,0955","39,4469","76,3086","-","-"
"IJZ","İŞ PORTFÖY SİBER GÜVENLİK TEKNOLOJİLERİ DEĞİŞKEN FON","Değişken Şemsiye Fonu","0,9437","7,7895","4,0326","29,3236","76,1113","532,4849","-"
"EID","QİNVEST PORTFÖY HİSSE SENEDİ FONU (HİSSE YOĞUN FON)","Hisse Senedi Şemsiye Fonu","-6,0177","3,3380","19,4113","46,3395","75,1330","942,0956","2.446,0303"
"GZN","GLOBAL MD PORTFÖY BOĞAZİÇİ SERBEST FON","Serbest Şemsiye Fonu","-1,2639","7,5432","23,6976","38,3256","74,9966","1.404,6778","-"
"GL1","AZİMUT PYŞ BİRİNCİ HİSSE SENEDİ FONU (HİSSE SENEDİ YOĞUN FON)","Hisse Senedi Şemsiye Fonu","-10,4142","4,8219","23,3810","49,7562","73,0576","837,3332","1.786,6480"
"ZMY","ZİRAAT PORTFÖY METAVERSE VE YENİ TEKNOLOJİLER DEĞİŞKEN FON","Değişken Şemsiye Fonu","-6,3546","3,2341","5,5025","34,9901","72,7751","-","-"
"GSP","AZİMUT PYŞ KAR PAYI ÖDEYEN HİSSE SENEDİ FONU (HİSSE SENEDİ YOĞUN FON)","Hisse Senedi Şemsiye Fonu","-8,1339","5,9169","26,2470","52,3259","72,7646","685,7489","1.290,4726"
"GAF","INVEO PORTFÖY BİRİNCİ HİSSE SENEDİ FONU (HİSSE SENEDİ YOĞUN FON)","Hisse Senedi Şemsiye Fonu","-8,6446","2,5797","18,2588","53,1439","71,4887","869,6572","1.401,4427"
"HKM","HEDEF PORTFÖY BAŞAK HİSSE SENEDİ SERBEST (TL) FON (HİSSE SENEDİ YOĞUN FON)","Serbest Şemsiye Fonu","-1,2447","-0,9157","7,6211","39,5832","71,3392","-","-"
"NHY","NEO PORTFÖY BİRİNCİ HİSSE SENEDİ (TL) FONU (HİSSE SENEDİ YOĞUN FON)","Hisse Senedi Şemsiye Fonu","-10,5209","-0,5443","18,1062","48,3550","71,1382","-","-"
"ACD","İSTANBUL PORTFÖY İKİNCİ DEĞİŞKEN FON","Değişken Şemsiye Fonu","-3,1584","7,8532","27,0836","47,0055","70,9664","658,2935","1.286,1201"
"ASJ","AKTİF PORTFÖY HİSSE SENEDİ (TL) FONU (HİSSE SENEDİ YOĞUN FON)","Hisse Senedi Şemsiye Fonu","-9,7854","-3,1845","10,7811","38,7021","70,9103","-","-"
"HEH","HEDEF PORTFÖY ALGO EVEREST İSTATİSTİKSEL ARBİTRAJ HİSSE SENEDİ SERBEST FON (HİSSE SENEDİ YOĞUN FON)","Serbest Şemsiye Fonu","5,3620","15,6419","32,9530","42,0028","70,8816","-","-"
"TYH","TEB PORTFÖY HİSSE SENEDİ FONU (HİSSE SENEDİ YOĞUN FON)","Hisse Senedi Şemsiye Fonu","-9,6717","6,4344","28,1079","59,0532","70,5499","1.012,3407","1.815,6029"
"RHS","ROTA PORTFÖY HİSSE SENEDİ (TL) FON (HİSSE SENEDİ YOĞUN FON)","Hisse Senedi Şemsiye Fonu","-8,7511","2,4800","17,5797","43,9447","70,2060","-","-"
"NRC","NEO PORTFÖY BİRİNCİ DEĞİŞKEN FON","Değişken Şemsiye Fonu","-7,7402","1,1513","19,5993","42,5559","68,0836","-","-"
"ACC","İSTANBUL PORTFÖY DÖRDÜNCÜ HİSSE SENEDİ FONU (HİSSE SENEDİ YOĞUN)","Hisse Senedi Şemsiye Fonu","-7,7138","7,5088","26,6744","55,0038","67,8812","944,6360","1.800,0900"
"IJA","INVEO PORTFÖY ATAK DEĞİŞKEN FON","Değişken Şemsiye Fonu","2,2103","8,3945","23,3396","37,7607","67,5941","-","-"
"AK3","AK PORTFÖY HİSSE SENEDİ (TL) FONU (HİSSE SENEDİ YOĞUN FON)","Hisse Senedi Şemsiye Fonu","-9,8885","7,2441","26,8214","55,9558","66,9387","895,5131","1.405,5395"
"YZC","YAPI KREDİ PORTFÖY FİNTECH VE BLOCKCHAİN TEKNOLOJİLERİ DEĞİŞKEN FON","Değişken Şemsiye Fonu","1,7428","9,5875","20,1205","33,2836","66,7173","-","-"
"AAV","ATA PORTFÖY İKİNCİ HİSSE SENEDİ (TL) FONU (HİSSE SENEDİ YOĞUN FON)","Hisse Senedi Şemsiye Fonu","-10,8033","4,4766","22,5698","53,2038","66,1449","965,2847","1.960,9852"
"ITP","İŞ PORTFÖY TEKNOLOJİ KARMA FON","Karma Şemsiye Fonu","-1,5655","10,8044","24,3586","38,1398","66,0860","398,4008","-"
"DVT","DENİZ PORTFÖY METAVERSE VE DİJİTAL YAŞAM TEKNOLOJİLERİ DEĞİŞKEN FON","Değişken Şemsiye Fonu","-5,4870","2,9633","5,0641","20,9006","66,0258","-","-"
"GBV","GARANTİ PORTFÖY BLOCKCHAİN TEKNOLOJİLERİ DEĞİŞKEN FON","Değişken Şemsiye Fonu","-2,2768","5,6991","24,6480","38,7847","65,9811","-","-"
"IFN","ICBC TURKEY PORTFÖY SÜRDÜRÜLEBİLİRLİK HİSSE SENEDİ FONU(HİSSE SENEDİ YOĞUN FON)","Hisse Senedi Şemsiye Fonu","-9,4321","0,8759","24,1002","53,4077","65,2330","-","-"
"TMC","İŞ PORTFÖY TEMA DEĞİŞKEN FON","Değişken Şemsiye Fonu","-0,6705","10,6580","35,9405","41,0799","65,2239","244,0113","323,9581"
"GGK","INVEO PORTFÖY ALTIN FON","Kıymetli Madenler Şemsiye Fonu","5,9926","8,0650","37,3575","37,2162","64,8312","468,1751","-"
"RPD","RE-PIE PORTFÖY BİRİNCİ DEĞİŞKEN FON","Değişken Şemsiye Fonu","-1,0262","8,3621","23,8575","34,4533","64,7331","503,6427","-"
"ECA","GLOBAL MD PORTFÖY BİRİNCİ DEĞİŞKEN FON","Değişken Şemsiye Fonu","-2,4059","9,5258","24,5420","40,3680","64,7073","518,9140","930,0394"
"KRF","KARE PORTFÖY BİRİNCİ DEĞİŞKEN FON","Değişken Şemsiye Fonu","2,8532","12,8763","28,4925","44,7699","64,0547","493,1797","774,5574"
"PPB","PHİLLİP PORTFÖY BİRİNCİ HİSSE SENEDİ FONU (HİSSE SENEDİ YOĞUN FON)","Hisse Senedi Şemsiye Fonu","-14,4787","-1,9087","17,7758","53,6439","63,9586","-","-"
"GTM","GARANTİ PORTFÖY TEMETTÜ ÖDEYEN ŞİRKETLER HİSSE SENEDİ (TL) FONU (HİSSE SENEDİ YOĞUN FON)","Hisse Senedi Şemsiye Fonu","-8,8391","3,1485","23,8270","51,6794","63,7192","-","-"
"OJT","QNB FİNANS PORTFÖY TEKNOLOJİ FON SEPETİ FONU","Fon Sepeti Şemsiye Fonu","-3,9310","6,7458","12,8959","30,6941","63,6857","405,3679","-"
"IRF","İSTANBUL PORTFÖY BİRİNCİ FON SEPETİ FONU","Fon Sepeti Şemsiye Fonu","-0,6037","7,2226","21,5101","35,5400","63,4451","-","-"
"IJP","İŞ PORTFÖY BLOCKCHAİN TEKNOLOJİLERİ KARMA FON","Karma Şemsiye Fonu","0,1978","8,4714","23,4786","36,3045","62,9512","313,3042","-"
"KZL","KUVEYT TÜRK PORTFÖY ALTIN KATILIM FONU","Katılım Şemsiye Fonu","5,6046","8,8833","36,0694","37,2176","62,4181","472,1900","845,1564"
"OKD","OYAK PORTFÖY BİRİNCİ DEĞİŞKEN FON","Değişken Şemsiye Fonu","-5,4506","3,4145","23,0759","44,7453","62,3983","543,3448","1.027,5447"
"EIB","QİNVEST PORTFÖY DEĞİŞKEN FON","Değişken Şemsiye Fonu","3,8040","9,9133","23,1266","32,5687","62,3705","276,6437","500,9566"
"OBP","OYAK PORTFÖY İKİNCİ DEĞİŞKEN FON","Değişken Şemsiye Fonu","-0,3737","6,6899","25,8477","40,5647","61,9812","247,6763","388,0528"
"MKG","AKTİF PORTFÖY ALTIN KATILIM FONU","Kıymetli Madenler Şemsiye Fonu","4,8859","7,4612","34,2890","32,8046","61,9234","472,0042","-"
"AC5","PARDUS PORTFÖY İSTATİSTİKSEL ARBİTRAJ SERBEST FON","Serbest Şemsiye Fonu","3,9556","12,2853","26,2741","32,7865","61,8356","-","-"
"IHA","ALLBATROSS PORTFÖY İKİNCİ HİSSE SENEDİ (TL) FONU (HİSSE SENEDİ YOĞUN FON)","Hisse Senedi Şemsiye Fonu","-8,5622","1,2547","8,8331","33,7015","61,7719","-","-"
"HVU","ALLBATROSS PORTFÖY BİRİNCİ DEĞİŞKEN FON","Değişken Şemsiye Fonu","-4,0222","4,0394","12,1152","29,1604","61,6169","-","-"
"ICC","ICBC TURKEY PORTFÖY İKİNCİ DEĞİŞKEN FON","Değişken Şemsiye Fonu","-1,5586","6,9755","23,3976","39,8691","60,9754","418,5581","642,8589"
"SUB","ÜNLÜ PORTFÖY İKİNCİ DEĞİŞKEN FON","Değişken Şemsiye Fonu","-5,1661","7,0897","23,1753","51,3014","60,5558","535,6514","755,6831"
"TTA","İŞ PORTFÖY ALTIN FONU","Kıymetli Madenler Şemsiye Fonu","8,2840","10,7358","38,2536","37,2725","60,3451","458,2642","853,1393"
"CVK","INVEO PORTFÖY ÇOKLU VARLIK KATILIM FONU","Katılım Şemsiye Fonu","1,5670","8,2359","19,9233","30,2630","59,9295","-","-"
"AED","ATA PORTFÖY BİRİNCİ DEĞİŞKEN FON","Değişken Şemsiye Fonu","-7,1614","7,3444","25,8362","44,4837","59,8604","532,8607","1.065,6789"
"YKT","YAPI KREDİ PORTFÖY ALTIN FONU","Kıymetli Madenler Şemsiye Fonu","7,1527","8,0703","34,5295","33,8103","59,7165","439,1337","825,4299"
"GBH","GARANTİ PORTFÖY BİRİNCİ HİSSE SENEDİ SERBEST FON (HİSSE SENEDİ YOĞUN FON)","Serbest Şemsiye Fonu","-10,9018","-1,0102","12,7225","47,4816","59,5885","-","-"
"HOA","HSBC PORTFÖY TEKNOLOJİ DEĞİŞKEN FON","Değişken Şemsiye Fonu","-4,2019","8,0526","21,0504","36,8651","59,5177","296,2623","501,1295"
"GAK","INVEO PORTFÖY KARMA FON","Karma Şemsiye Fonu","1,3211","7,6245","18,9489","31,6846","59,3259","368,5198","559,2374"
"OJK","QNB FİNANS PORTFÖY ALTIN FONU","Kıymetli Madenler Şemsiye Fonu","6,2025","7,8043","36,8328","36,8581","59,2659","-","-"
"ZDZ","ZİRAAT PORTFÖY AGRESİF DEĞİŞKEN FON","Değişken Şemsiye Fonu","3,7433","14,4274","39,2621","79,1059","59,2088","766,8515","-"
"TGA","GARANTİ PORTFÖY AGRESİF DEĞİŞKEN FON","Değişken Şemsiye Fonu","-4,5583","6,6776","24,6045","46,0489","59,1810","630,2697","899,8511"
"TUA","TEB PORTFÖY ALTIN FONU","Kıymetli Madenler Şemsiye Fonu","5,2629","6,2892","36,0525","34,7126","59,1510","431,2535","803,7374"
"PKF","ATA PORTFÖY ALTIN KATILIM FONU","Katılım Şemsiye Fonu","5,3264","7,9924","35,0849","36,1303","59,0998","-","-"
"GIE","GARANTİ PORTFÖY GARANTİ BBVA İKLİM ENDEKSİ HİSSE SENEDİ (TL) FONU (HİSSE SENEDİ YOĞUN FON)","Hisse Senedi Şemsiye Fonu","-9,4713","1,5678","28,3666","56,8705","58,9104","-","-"
"SHE","TEB PORTFÖY ÖNCE KADIN DEĞİŞKEN FON","Değişken Şemsiye Fonu","0,2846","10,1931","28,7666","44,7135","58,7793","-","-"
"ICD","ICBC TURKEY PORTFÖY BİRİNCİ DEĞİŞKEN FON","Değişken Şemsiye Fonu","2,4130","9,8164","24,8215","32,5306","58,6345","205,5529","302,7954"
"YLE","YAPI KREDİ PORTFÖY BIST SÜRDÜRÜLEBİLİRLİK ENDEKSİ HİSSE SENEDİ FONU (HİSSE SENEDİ YOĞUN FON)","Hisse Senedi Şemsiye Fonu","-9,4046","2,1307","24,2876","52,4663","58,6322","-","-"
"NJF","NUROL PORTFÖY ALTIN KATILIM FONU","Katılım Şemsiye Fonu","6,0439","9,5285","35,0447","33,0940","58,5947","-","-"
"RIK","RE-PIE PORTFÖY İKİNCİ DEĞİŞKEN FON","Değişken Şemsiye Fonu","3,8051","7,6342","18,4260","24,0425","58,3788","-","-"
"IBB","İŞ PORTFÖY ATAK DEĞİŞKEN FON","Değişken Şemsiye Fonu","-2,3075","3,1176","24,3642","34,2450","58,1721","428,8564","647,3038"
"UP1","ÜNLÜ PORTFÖY ALTIN FONU","Kıymetli Madenler Şemsiye Fonu","5,7206","8,5392","33,9600","30,4163","57,7920","-","-"
"MET","GARANTİ PORTFÖY METAVERSE VE YENİ TEKNOLOJİLER DEĞİŞKEN FON","Değişken Şemsiye Fonu","-2,9582","7,9038","12,6544","30,4399","57,6977","-","-"
"UPH","ÜNLÜ PORTFÖY HİSSE SENEDİ (TL) FONU(HİSSE SENEDİ YOĞUN FON)","Hisse Senedi Şemsiye Fonu","-8,6944","6,6801","20,9310","49,6306","57,6623","813,7092","1.822,7516"
"SUC","ÜNLÜ PORTFÖY ÜÇÜNCÜ DEĞIŞKEN FON","Değişken Şemsiye Fonu","-2,1768","6,3998","23,7082","32,5768","57,4544","299,8474","521,6395"
"BID","QNB FİNANS PORTFÖY BIST 100 DIŞI ŞİRKETLER HİSSE SENEDİ (TL) FONU (HİSSE SENEDİ YOĞUN FON)","Hisse Senedi Şemsiye Fonu","-8,1157","1,2667","13,1951","45,0584","57,4166","-","-"
"HDK","HEDEF PORTFÖY VEGA İSTATİSTİKSEL ARBİTRAJ HİSSE SENEDİ SERBEST FON (HİSSE SENEDİ YOĞUN FON)","Serbest Şemsiye Fonu","4,4399","14,5700","27,0847","33,4901","57,2856","-","-"
"ICF","ICBC TURKEY PORTFÖY HİSSE SENEDİ FONU(HİSSE SENEDİ YOĞUN FON)","Hisse Senedi Şemsiye Fonu","-7,4931","1,5821","15,7717","44,3396","57,0178","971,6831","1.559,0789"
"KSA","HEDEF PORTFÖY KISA VADELİ SERBEST (TL) FON","Serbest Şemsiye Fonu","4,4512","13,8442","28,1561","35,2487","56,9904","-","-"
"DLD","DENİZ PORTFÖY SÜRDÜRÜLEBİLİRLİK HİSSE SENEDİ FONU (HİSSE SENEDİ YOĞUN FON)","Hisse Senedi Şemsiye Fonu","-10,2692","2,0514","19,0089","45,9123","56,7706","-","-"
"GHS","GARANTİ PORTFÖY HİSSE SENEDİ (TL) FONU (HİSSE SENEDİ YOĞUN FON)","Hisse Senedi Şemsiye Fonu","-9,3280","3,0689","21,2826","51,5466","56,7619","905,2649","1.702,1892"
"RTP","RE-PIE PORTFÖY BİRİNCİ SERBEST FON","Serbest Şemsiye Fonu","-0,0049","8,1432","25,4145","41,2146","56,6617","-","-"
"ALC","AK PORTFÖY KAR PAYI ÖDEYEN ŞİRKETLER HİSSE SENEDİ (TL) FONU (HİSSE SENEDİ YOĞUN FON)","Hisse Senedi Şemsiye Fonu","-9,2747","6,6762","25,4871","54,2295","56,6549","527,7191","1.053,4261"
"AHI","ATLAS PORTFÖY BİRİNCİ HİSSE SENEDİ FONU(HİSSE SENEDİ YOĞUN)","Hisse Senedi Şemsiye Fonu","-8,8413","0,8117","11,9512","43,1356","56,5245","928,1917","1.770,1907"
"MAC","MARMARA CAPITAL PORTFÖY HİSSE SENEDİ (TL) FONU (HİSSE SENEDİ YOĞUN FON)","Hisse Senedi Şemsiye Fonu","-6,1010","3,1391","13,1209","47,3103","56,5244","877,4414","2.737,3540"
"ICA","ICBC TURKEY PORTFÖY ALTIN FONU","Kıymetli Madenler Şemsiye Fonu","5,2032","7,6689","32,0918","29,2160","56,4967","411,2606","757,2306"
"HMG","HSBC PYŞ MUTLAK GETİRİ HEDEFLİ HİSSE SENEDİ SERBEST (TL) FON(HİSSE SENEDİ YOĞUN FON)","Serbest Şemsiye Fonu","0,7499","12,7040","29,4605","36,9343","56,4158","222,5516","-"
"PPF","AZİMUT PORTFÖY AKÇE SERBEST FON","Serbest Şemsiye Fonu","-0,0862","9,9644","19,4834","34,4081","56,3871","121,2920","-"
"GO1","FONERİA PORTFÖY BİRİNCİ FON SEPETİ FONU","Fon Sepeti Şemsiye Fonu","3,2626","14,6143","27,2302","32,9566","56,3039","-","-"
"OGD","OYAK PORTFÖY ALTIN KATILIM FONU","Katılım Şemsiye Fonu","6,1091","8,4942","32,7109","31,2082","56,2964","400,2121","-"
"DZM","DENİZ PORTFÖY BEŞİNCİ SERBEST (DÖVİZ) FON","Serbest Şemsiye Fonu","3,8695","9,1207","20,1838","27,7652","56,2050","421,2812","-"
"EBD","GLOBAL MD PORTFÖY İKİNCİ DEĞİŞKEN FON","Değişken Şemsiye Fonu","-2,0849","8,2161","22,9791","37,0387","56,1278","328,0384","549,9482"
"FIB","FİBA PORTFÖY ALTIN FONU","Kıymetli Madenler Şemsiye Fonu","5,5746","7,6767","31,6104","31,2651","56,1105","422,4872","793,0529"
"HBF","HSBC PORTFÖY ALTIN FONU","Kıymetli Madenler Şemsiye Fonu","5,1557","8,5341","33,5637","31,8667","56,0497","407,9872","749,0905"
"AN1","STRATEJİ PORTFÖY BİRİNCİ DEĞİŞKEN FON","Değişken Şemsiye Fonu","6,8253","14,8151","27,5118","48,2412","56,0209","479,0402","702,5197"
"IJH","ICBC TURKEY PORTFÖY BİRİNCİ FON SEPETİ FONU","Fon Sepeti Şemsiye Fonu","0,4348","6,1744","19,2359","29,1539","55,9667","254,1217","-"
"EIC","QİNVEST PORTFÖY İKİNCİ DEĞİŞKEN FONU","Değişken Şemsiye Fonu","3,5157","10,0577","22,3812","33,3644","55,8652","348,3164","596,4657"
"GVI","GARANTİ PORTFÖY ÜÇÜNCÜ FON SEPETİ FONU","Fon Sepeti Şemsiye Fonu","-3,2412","5,8848","22,6240","36,9830","55,6654","-","-"
"EDU","İŞ PORTFÖY TEV EĞİTİME DESTEK SERBEST FON","Serbest Şemsiye Fonu","1,8002","10,6941","28,6735","38,8262","55,5421","-","-"
"PPN","NUROL PORTFÖY PARA PİYASASI (TL) FONU","Para Piyasası Şemsiye Fonu","4,3016","13,4892","28,1591","35,0961","55,1658","141,1566","-"
"RPP","ROTA PORTFÖY PARA PİYASASI (TL) FONU","Para Piyasası Şemsiye Fonu","4,3077","13,3312","27,5701","34,4305","55,0647","-","-"
"FSF","FİBA PORTFÖY PARA PİYASASI SERBEST (TL) FON","Serbest Şemsiye Fonu","4,2329","13,2671","27,4173","35,2545","54,9819","138,5436","-"
"NVB","NEO PORTFÖY İKİNCİ PARA PİYASASI (TL) FON","Para Piyasası Şemsiye Fonu","4,2047","13,2600","27,7874","34,6278","54,9576","-","-"
"TMG","İŞ PORTFÖY YABANCI HİSSE SENEDİ FONU","Hisse Senedi Şemsiye Fonu","-1,8444","5,3444","22,4547","32,6887","54,9538","377,4181","931,2411"
"NZT","NEO PORTFÖY PARA PİYASASI SERBEST FON","Serbest Şemsiye Fonu","4,1703","13,1998","27,0847","33,8889","54,8732","104,5466","-"
"RPT","ROTA PORTFÖY İKİNCİ SERBEST (TL) FON","Serbest Şemsiye Fonu","4,2271","13,3820","27,1287","34,2051","54,7902","-","-"
"IRY","INVEO PORTFÖY PARA PİYASASI (TL) FONU","Para Piyasası Şemsiye Fonu","4,2714","13,4046","27,6623","34,4137","54,7615","-","-"
"GZJ","GARANTİ PORTFÖY İKİNCİ FON SEPETİ FONU","Fon Sepeti Şemsiye Fonu","-0,5844","8,5165","24,3671","37,5693","54,7505","311,6006","-"
"AHU","ATLAS PORTFÖY BİRİNCİ ÖZEL SEKTÖR BORÇLANMA ARAÇLARI FONU","Borçlanma Araçları Şemsiye Fonu","4,4368","13,3687","27,0633","34,0330","54,7353","151,4388","242,3744"
"HYV","HEDEF PORTFÖY PARA PİYASASI (TL) FONU","Para Piyasası Şemsiye Fonu","4,2668","13,3820","27,6850","34,4665","54,6783","143,0906","-"
"DPB","DENİZ PORTFÖY SERBEST (DÖVİZ) FON","Serbest Şemsiye Fonu","3,5683","8,2155","19,1216","24,5425","54,6614","404,4319","859,8547"
"DHM","DENİZ PORTFÖY ESG-SÜRDÜRÜLEBİLİRLİK FON SEPETİ FONU","Fon Sepeti Şemsiye Fonu","-3,1550","3,0589","22,9697","33,3956","54,6517","-","-"
"PPZ","AZİMUT PORTFÖY PARA PİYASASI (TL) FONU","Para Piyasası Şemsiye Fonu","4,2470","13,3382","27,6944","34,5523","54,6435","140,2663","-"
"ZJL","ZİRAAT PORTFÖY BIST 100 DIŞI ŞİRKETLER HİSSE SENEDİ FONU (HİSSE SENEDİ YOĞUN FON)","Hisse Senedi Şemsiye Fonu","-5,8550","-5,6758","3,8140","39,9331","54,5751","754,8576","-"
"MJG","AKTİF PORTFÖY GÜMÜŞ FON SEPETİ FONU","Fon Sepeti Şemsiye Fonu","-5,7438","2,5368","33,1227","33,6044","54,5389","321,1474","-"
"RTH","RE-PIE PORTFÖY BİRİNCİ HİSSE SENEDİ SERBEST FON (HİSSE SENEDİ YOĞUN FON)","Serbest Şemsiye Fonu","-9,8344","1,8796","20,3098","49,9705","54,5347","-","-"
"DCB","DENİZ PORTFÖY KISA VADELİ SERBEST (TL) FON","Serbest Şemsiye Fonu","4,2474","13,3648","27,3148","34,1215","54,5332","-","-"
"HVK","HEDEF PORTFÖY BİRİNCİ BORÇLANMA ARAÇLARI (TL) FONU","Borçlanma Araçları Şemsiye Fonu","4,3542","13,2411","27,0423","33,8983","54,4622","-","-"
"FJB","FİBA PORTFÖY BLOK ZİNCİRİ TEKNOLOJİLERİ SERBEST FON","Serbest Şemsiye Fonu","-4,4543","8,0193","14,9955","27,9111","54,4306","214,3517","-"
"UP2","ÜNLÜ PORTFÖY PARA PİYASASI SERBEST (TL) FON","Serbest Şemsiye Fonu","4,2687","13,2680","27,3718","34,1078","54,3942","-","-"
"NRG","NEO PORTFÖY BİRİNCİ PARA PİYASASI FONU","Para Piyasası Şemsiye Fonu","4,2885","13,3374","27,4100","34,2255","54,3850","-","-"
"BGP","AK PORTFÖY ÜÇÜNCÜ PARA PİYASASI (TL) FONU","Para Piyasası Şemsiye Fonu","4,2673","13,3363","27,8067","34,7654","54,2414","133,0299","-"
"OSD","OSMANLI PORTFÖY ÖZEL SEKTÖR BORÇLANMA ARAÇLARI FONU","Borçlanma Araçları Şemsiye Fonu","4,2591","13,2369","26,3616","33,0560","54,1447","145,4117","245,3087"
"TI4","İŞ PORTFÖY TEMKİNLİ DEĞİŞKEN FON","Değişken Şemsiye Fonu","2,2709","13,9980","30,7727","37,6558","54,0959","223,9762","321,2853"
"KTS","KUVEYT TÜRK PORTFÖY İKİNCİ KATILIM SERBEST FON","Serbest Şemsiye Fonu","-3,7804","8,6002","25,2063","39,7306","54,0862","370,9687","481,6338"
"IJV","İSTANBUL PORTFÖY BİRİNCİ PARA PİYASASI (TL) FONU","Para Piyasası Şemsiye Fonu","4,3031","13,3188","27,2414","33,9720","54,0553","128,6616","-"
"GBN","GARANTİ PORTFÖY BEŞİNCİ (TL) SERBEST FON","Serbest Şemsiye Fonu","4,1865","13,0733","27,3680","34,1448","54,0085","135,3090","-"
"FZP","FİBA PORTFÖY SERBEST FON","Serbest Şemsiye Fonu","4,1208","14,1698","28,4147","36,3584","53,9814","157,0024","-"
"DBA","DENİZ PORTFÖY ALTIN FONU","Kıymetli Madenler Şemsiye Fonu","6,7783","7,1136","32,1100","32,1319","53,9495","425,7756","784,2715"
"NSK","NEO PORTFÖY BİRİNCİ SERBEST FON","Serbest Şemsiye Fonu","4,2490","13,1596","26,5247","33,0418","53,9141","164,7473","-"
"IRV","İSTANBUL PORTFÖY İSTATİSTİKSEL ARBİTRAJ SERBEST FON","Serbest Şemsiye Fonu","1,2374","9,8235","23,9478","34,1767","53,8914","-","-"
"NJG","NUROL PORTFÖY BİRİNCİ SERBEST FON","Serbest Şemsiye Fonu","4,3434","13,6681","26,8888","33,8007","53,8486","-","-"
"IOG","İŞ PORTFÖY GÜMÜŞ SERBEST FON","Serbest Şemsiye Fonu","-6,9160","4,0581","36,4327","34,8621","53,8036","322,9572","-"
"NJR","NUROL PORTFÖY BİRİNCİ BORÇLANMA ARAÇLARI FONU","Borçlanma Araçları Şemsiye Fonu","4,4222","13,9228","27,4460","34,0442","53,7232","-","-"
"GKS","INVEO PORTFÖY İKİNCİ SERBEST FON","Serbest Şemsiye Fonu","-0,0539","52,9559","69,1160","77,1771","53,7093","250,3895","386,7496"
"YDI","YAPI KREDİ PORTFÖY MODEL PORTFÖY HİSSE SENEDİ FONU (HİSSE SENEDİ YOĞUN FON)","Hisse Senedi Şemsiye Fonu","-9,8559","4,9651","21,2689","47,5630","53,6744","771,2503","1.642,7631"
"HVT","ALLBATROSS PORTFÖY BİRİNCİ PARA PİYASASI (TL) FONU","Para Piyasası Şemsiye Fonu","4,2498","13,1414","26,4038","33,2210","53,6739","-","-"
"TI7","İŞ PORTFÖY DENGELİ DEĞİŞKEN FON","Değişken Şemsiye Fonu","-5,2098","5,1756","23,7666","29,9825","53,6734","339,2696","499,3755"
"AAK","ATA PORTFÖY ÇOKLU VARLIK DEĞİŞKEN FON","Değişken Şemsiye Fonu","-3,8930","8,6206","24,7990","39,4050","53,6334","384,8839","609,3226"
"AC4","PARDUS PORTFÖY PARA PİYASASI (TL) FON","Para Piyasası Şemsiye Fonu","4,3015","12,6685","26,3689","33,1802","53,6237","-","-"
"NVT","NEO PORTFÖY ÜÇÜNCÜ SERBEST (TL) FON","Serbest Şemsiye Fonu","4,1623","12,9890","26,4835","33,0832","53,5885","-","-"
"OKP","OYAK PORTFÖY BİRİNCİ KISA VADELİ BORÇLANMA ARAÇLARI (TL) FONU","Borçlanma Araçları Şemsiye Fonu","4,0449","12,7637","26,0767","35,0788","53,5483","119,7711","-"
"GAH","GARANTİ PORTFÖY MUTLAK GETİRİ HEDEFLİ DEĞİŞKEN FON","Değişken Şemsiye Fonu","-0,3928","8,8544","23,8074","35,5424","53,5250","239,5613","359,8335"
"DAH","DENİZ PORTFÖY HİSSE SENEDİ FONU (HİSSE SENEDİ YOĞUN FON)","Hisse Senedi Şemsiye Fonu","-9,0196","0,7762","19,3663","44,0703","53,4959","811,9413","1.330,3316"
"TCA","ZİRAAT PORTFÖY ALTIN KATILIM FONU","Katılım Şemsiye Fonu","6,2255","8,7154","31,1731","27,6130","53,4607","436,0041","818,4161"
"KIE","TRIVE PORTFÖY PARA PİYASASI (TL) FONU","Para Piyasası Şemsiye Fonu","4,2736","13,3564","27,3631","34,0789","53,4426","-","-"
"IDL","AKTİF PORTFÖY PARA PİYASASI (TL) FONU","Para Piyasası Şemsiye Fonu","4,2599","13,2244","27,1956","34,0084","53,4362","131,4116","-"
"IKL","İŞ PORTFÖY SAĞLIK ŞİRKETLERİ KARMA FON","Karma Şemsiye Fonu","4,1958","11,0797","23,2509","34,5669","53,4136","404,9414","-"
"ZBJ","ZİRAAT PORTFÖY BAŞAK PARA PİYASASI (TL) FONU","Para Piyasası Şemsiye Fonu","4,2585","13,3149","27,8346","34,4321","53,3675","-","-"
"RBA","ALBARAKA PORTFÖY BEREKET VAKFI NA DESTEK ALTIN KATILIM FONU","Katılım Şemsiye Fonu","5,9685","9,0601","28,1408","25,3836","53,3462","364,9719","670,3567"
"GMR","INVEO PORTFÖY İKİNCİ HİSSE SENEDİ FONU (HİSSE SENEDİ YOĞUN FON)","Hisse Senedi Şemsiye Fonu","-8,7780","-1,4254","8,4926","39,5961","53,3048","801,6779","2.697,8326"
"AUT","ATA PORTFÖY DENGELİ DEĞİŞKEN FON","Değişken Şemsiye Fonu","1,7491","11,2501","26,2278","35,6837","53,2922","104,3003","154,0762"
"KIB","TRIVE PORTFÖY ROBOTİK TEKNOLOJİLERİ DEĞİŞKEN FON","Değişken Şemsiye Fonu","-1,7485","0,7078","11,2511","31,9736","53,2667","-","-"
"IOO","İŞ PORTFÖY İKİNCİ PARA PİYASASI (TL) FONU","Para Piyasası Şemsiye Fonu","4,2206","13,2659","27,8928","34,6949","53,2349","-","-"
"KIA","TRIVE PORTFÖY MUTLAK GETİRİ HEDEFLİ DEĞİŞKEN FON","Değişken Şemsiye Fonu","-1,6920","7,9552","19,8409","37,2607","53,1991","-","-"
"ARM","AK PORTFÖY İKİNCİ FON SEPETİ FONU","Fon Sepeti Şemsiye Fonu","0,0426","9,4782","25,0698","37,0782","53,1521","280,3556","485,0670"
"AFO","AK PORTFÖY ALTIN FONU","Kıymetli Madenler Şemsiye Fonu","7,2141","8,7115","32,9621","30,7704","53,1172","423,1638","794,6573"
"DPT","DENİZ PORTFÖY BİST TEMETTÜ 25 ENDEKSİ HİSSE SENEDİ FONU ( HİSSE SENEDİ YOĞUN FON )","Hisse Senedi Şemsiye Fonu","-10,7204","0,2508","22,7077","50,2710","53,1101","585,5112","1.190,9571"
"ODV","AK PORTFÖY ÜÇÜNCÜ FON SEPETİ FONU","Fon Sepeti Şemsiye Fonu","-2,1291","8,0075","24,2440","39,0573","53,0672","349,2248","628,7066"
"GTA","GARANTİ PORTFÖY ALTIN FONU","Kıymetli Madenler Şemsiye Fonu","5,9071","7,7884","32,2270","30,7523","53,0077","423,2173","802,6424"
"ARL","AK PORTFÖY BİRİNCİ FON SEPETİ FONU","Fon Sepeti Şemsiye Fonu","1,5976","10,5699","25,8159","35,5937","52,9925","227,3213","381,2479"
"SVB","STRATEJİ PORTFÖY AGRESİF DEĞİŞKEN FON","Değişken Şemsiye Fonu","-4,4309","4,3160","17,9041","42,3467","52,9823","-","-"
"FSK","QNB FİNANS PORTFÖY PARA PİYASASI SERBEST (TL) FON","Serbest Şemsiye Fonu","4,1569","13,0889","26,8137","33,4920","52,9647","125,5405","-"
"FIL","FİBA PORTFÖY PARA PİYASASI (TL) FONU","Para Piyasası Şemsiye Fonu","4,1852","13,0745","27,0549","33,8050","52,9277","130,8683","200,4501"
"GZZ","GARANTİ PORTFÖY FİNANS SEKTÖRÜ DEĞİŞKEN FON","Değişken Şemsiye Fonu","-1,7912","2,8801","20,6035","30,0531","52,8636","-","-"
"UPP","ÜNLÜ PORTFÖY PARA PİYASASI (TL) FONU","Para Piyasası Şemsiye Fonu","4,2015","13,1726","27,2903","34,0429","52,8048","129,2645","197,0842"
"OKT","OYAK PORTFÖY BİRİNCİ BORÇLANMA ARAÇLARI FONU","Borçlanma Araçları Şemsiye Fonu","4,0791","12,8130","25,8044","33,0805","52,6878","133,2995","207,4712"
"FSG","FİBA PORTFÖY BİRİNCİ HİSSE SENEDİ SERBEST FON (HİSSE SENEDİ YOĞUN FON)","Serbest Şemsiye Fonu","-9,3306","0,1642","17,8755","45,1390","52,6270","-","-"
"GO6","FONERİA PORTFÖY PARA PİYASASI (TL) FONU","Para Piyasası Şemsiye Fonu","4,2432","13,1994","27,1394","33,7536","52,6154","-","-"
"GMA","AZİMUT PORTFÖY ÇOKLU VARLIK DEĞİŞKEN FON","Değişken Şemsiye Fonu","-4,1784","5,6006","17,7488","33,3079","52,5172","450,5005","885,5230"
"GPI","GARANTİ PORTFÖY İKİNCİ DEĞİŞKEN FON","Değişken Şemsiye Fonu","-0,4329","7,7137","21,9197","33,8911","52,4718","248,7555","410,1310"
"GJB","INVEO PORTFÖY BİRİNCİ FON SEPETİ FONU","Fon Sepeti Şemsiye Fonu","0,3075","7,3094","18,5570","31,6812","52,4568","440,8181","-"
"GLC","GLOBAL MD PORTFÖY İKİNCİ FON SEPETİ FONU","Fon Sepeti Şemsiye Fonu","0,9904","10,1287","24,4271","36,3577","52,4296","-","-"
"YHS","YAPI KREDİ PORTFÖY BİRİNCİ HİSSE SENEDİ FONU (HİSSE SENEDİ YOĞUN FON)","Hisse Senedi Şemsiye Fonu","-11,9589","0,5165","18,1280","50,9076","52,4175","722,3404","1.376,4940"
"SUA","ÜNLÜ PORTFÖY BİRİNCİ DEĞİŞKEN FON","Değişken Şemsiye Fonu","2,5333","10,6157","25,3205","33,4968","52,4105","230,9278","385,2356"
"IST","İSTANBUL PORTFÖY KISA VADELİ BORÇLANMA ARAÇLARI (TL) FONU","Borçlanma Araçları Şemsiye Fonu","3,8792","12,7618","26,1135","32,6320","52,4075","133,1123","204,0164"
"KUT","KUVEYT TÜRK PORTFÖY KIYMETLİ MADENLER KATILIM FONU","Katılım Şemsiye Fonu","-0,5419","5,0910","33,0826","31,8556","52,3397","-","-"
"GZP","GARANTİ PORTFÖY BİRİNCİ FON SEPETİ FONU","Fon Sepeti Şemsiye Fonu","0,0638","7,2727","21,6986","32,7331","52,2982","236,3864","-"
"ILZ","İŞ PORTFÖY TEMKİNLİ FON SEPETİ FONU","Fon Sepeti Şemsiye Fonu","2,0353","10,5800","26,2101","33,5855","52,2840","266,1664","-"
"HVZ","ALLBATROSS PORTFÖY BİRİNCİ HİSSE SENEDİ (TL) FONU (HİSSE SENEDİ YOĞUN FON)","Hisse Senedi Şemsiye Fonu","-7,0141","4,3314","14,5899","42,4538","52,2741","-","-"
"PJL","PHİLLİP PORTFÖY PARA PİYASASI FONU","Para Piyasası Şemsiye Fonu","4,1831","13,0704","26,7881","33,4012","52,2551","-","-"
"GO2","FONERİA PORTFÖY İKİNCİ FON SEPETİ FONU","Fon Sepeti Şemsiye Fonu","0,5349","8,8019","21,9762","30,2899","52,2109","-","-"
"DLY","DENİZ PORTFÖY PARA PİYASASI (TL) FONU","Para Piyasası Şemsiye Fonu","4,1995","13,1023","27,0080","33,6038","52,1780","123,6422","186,9541"
"GBL","AZİMUT PYŞ KISA VADELİ BORÇLANMA ARAÇLARI FONU","Borçlanma Araçları Şemsiye Fonu","4,1544","12,7591","25,8210","32,3606","52,1693","136,1367","208,3081"
"HSL","HSBC PORTFÖY PARA PİYASASI (TL) FONU","Para Piyasası Şemsiye Fonu","4,1928","13,1462","27,3840","34,1355","52,1157","109,3606","168,6935"
"GPU","GARANTİ PORTFÖY ÜÇÜNCÜ DEĞİŞKEN FON","Değişken Şemsiye Fonu","-0,9940","8,1179","22,7461","36,2921","52,0733","286,2402","454,9092"
"TCB","TACİRLER PORTFÖY PARA PİYASASI FONU","Para Piyasası Şemsiye Fonu","4,3112","12,8064","26,4862","33,1480","52,0610","105,5327","152,4950"
"MTX","TEB PORTFÖY METAVERSE VE DİJİTAL TEKNOLOJİLER DEĞİŞKEN FON","Değişken Şemsiye Fonu","-3,6112","7,4989","12,4842","25,5163","51,9840","-","-"
"THD","TRIVE PORTFÖY BİRİNCİ HİSSE SENEDİ (TL) FON (HİSSE SENEDİ YOĞUN FON)","Hisse Senedi Şemsiye Fonu","-7,0753","3,5355","17,4014","45,5521","51,8173","-","-"
"EIL","QİNVEST PORTFÖY PARA PİYASASI FONU","Para Piyasası Şemsiye Fonu","4,2286","13,1992","27,5520","34,2963","51,7971","120,8989","185,4054"
"OPD","OSMANLI PORTFÖY ANKA SERBEST FON","Serbest Şemsiye Fonu","4,1113","13,0132","26,1439","32,4686","51,6566","157,3772","-"
"YZG","YAPI KREDİ PORTFÖY GÜMÜŞ FON SEPETİ FONU","Fon Sepeti Şemsiye Fonu","-6,5335","0,7029","33,5622","33,5835","51,6045","311,5308","-"
"GTZ","GARANTİ PORTFÖY GÜMÜŞ FON SEPETİ FONU","Fon Sepeti Şemsiye Fonu","-5,5499","2,8459","33,8820","33,8068","51,5522","287,7926","-"
"KPC","KUVEYT TÜRK PORTFÖY KATILIM HİSSE SENEDİ (TL) FONU (HİSSE SENEDİ YOĞUN FON)","Hisse Senedi Şemsiye Fonu","-6,5212","4,3715","15,9819","42,3346","51,4942","729,8747","-"
"RPG","ROTA PORTFÖY ALTIN FONU","Kıymetli Madenler Şemsiye Fonu","6,1107","7,5502","29,2055","27,8308","51,3347","-","-"
"AAL","ATA PORTFÖY PARA PİYASASI (TL) FONU","Para Piyasası Şemsiye Fonu","4,2040","12,9685","26,3096","32,9038","51,2604","116,7259","179,2112"
"DBH","DENİZ PORTFÖY EUROBOND (DÖVİZ) BORÇLANMA ARAÇLARI FONU","Borçlanma Araçları Şemsiye Fonu","3,3393","9,4642","18,9286","25,3907","51,2452","405,9647","804,4141"
"HMS","HSBC PORTFÖY SÜRDÜRÜLEBİLİRLİK HİSSE SENEDİ (TL) FONU (HİSSE SENEDİ YOĞUN FON)","Hisse Senedi Şemsiye Fonu","-12,1516","0,4710","21,8140","53,0360","51,2088","-","-"
"PUC","AK PORTFÖY BİRİNCİ KISA VADELİ SERBEST (TL)  FON","Serbest Şemsiye Fonu","4,3427","13,5466","27,2721","33,8275","51,1272","112,7657","181,2795"
"GZR","GARANTİ PORTFÖY SÜRDÜRÜLEBİLİRLİK HİSSE SENEDİ (TL) FONU (HİSSE SENEDİ YOĞUN FON)","Hisse Senedi Şemsiye Fonu","-9,1985","1,2984","18,6492","45,6045","51,1103","721,8335","-"
"SPN","AZIMUT PORTFÖY PİYASA NÖTR SERBEST FON","Serbest Şemsiye Fonu","4,2800","11,8852","25,4776","31,4515","51,0868","198,9293","353,1581"
"FSH","FİBA PORTFÖY FON SEPETİ SERBEST FON","Serbest Şemsiye Fonu","-6,6641","4,9782","11,1589","24,6927","50,9591","-","-"
"APJ","AK PORTFÖY BIST ŞİRKETLERİ FON SEPETİ FONU","Fon Sepeti Şemsiye Fonu","-10,1362","3,7617","20,1261","47,7047","50,9360","191,7789","294,9421"
"GLG","GLOBAL MD PORTFÖY CAPİTAL HİSSE SENEDİ SERBEST FON (HİSSE SENEDİ YOĞUN FON)","Serbest Şemsiye Fonu","-9,4671","-5,1227","15,8310","40,1447","50,9173","-","-"
"DGH","ATA PORTFÖY ÜÇÜNCÜ SERBEST (TL) FONU","Serbest Şemsiye Fonu","4,0172","11,9889","24,4974","31,0235","50,9019","134,8208","207,8386"
"ICE","ICBC TURKEY PORTFÖY PARA PİYASASI (TL) FONU","Para Piyasası Şemsiye Fonu","4,1914","12,9402","26,2495","32,7257","50,8928","120,9869","183,1802"
"ZDD","ZİRAAT PORTFÖY TEMKİNLİ DEĞİŞKEN FON","Değişken Şemsiye Fonu","1,0968","9,7851","23,9305","36,4098","50,7297","196,5763","-"
"PVK","ALBARAKA PORTFÖY KISA VADELİ KATILIM SERBEST (TL) FON","Serbest Şemsiye Fonu","4,0073","12,7236","25,9481","32,2050","50,5125","121,5961","-"
"GUH","GARANTİ PORTFÖY YABANCI TEKNOLOJİ HİSSE SENEDİ FONU","Hisse Senedi Şemsiye Fonu","-4,1546","6,1215","13,2730","25,9130","50,4858","290,9160","782,7177"
"GMC","TEB PORTFÖY GÜMÜŞ FON SEPETİ FONU","Fon Sepeti Şemsiye Fonu","-6,4572","1,9909","33,2144","32,8878","50,4348","-","-"
"NNF","HEDEF PORTFÖY BİRİNCİ HİSSE SENEDİ (TL) FONU (HİSSE SENEDİ YOĞUN FON)","Hisse Senedi Şemsiye Fonu","-9,0512","3,6795","8,3737","45,7727","50,4091","955,8898","-"
"GKH","GARANTİ PORTFÖY  KATILIM SERBEST (TL) FON","Serbest Şemsiye Fonu","3,8509","12,3393","25,3892","32,3760","50,2953","-","-"
"ZP8","ZİRAAT PORTFÖY KEHRİBAR PARA PİYASASI KATILIM SERBEST (TL) FON","Serbest Şemsiye Fonu","3,9807","12,3790","24,9991","31,1044","50,0733","-","-"
"KCV","KUVEYT TÜRK PORTFÖY ÇOKLU VARLIK KATILIM FONU","Katılım Şemsiye Fonu","0,5746","7,6686","20,6404","34,4789","50,0315","-","-"
"KKH","İŞ PORTFÖY DENGELİ FON SEPETİ FONU","Fon Sepeti Şemsiye Fonu","-0,9392","6,9181","22,5219","30,2798","50,0287","221,6996","-"
"HJB","HEDEF PORTFÖY BİRİNCİ DEĞİŞKEN FON","Değişken Şemsiye Fonu","-5,3263","1,5838","1,3944","24,7660","50,0047","-","-"
"IDY","TEB PORTFÖY İKİNCİ DEĞİŞKEN FON","Değişken Şemsiye Fonu","2,0978","15,5382","29,4743","43,4922","49,9704","208,8793","327,9354"
"KVS","AZİMUT PORTFÖY KISA VADELİ SERBEST (TL) FON","Serbest Şemsiye Fonu","3,8914","12,0096","24,5939","30,9399","49,9041","-","-"
"AFT","AK PORTFÖY YENİ TEKNOLOJİLER YABANCI HİSSE SENEDİ FONU","Hisse Senedi Şemsiye Fonu","-3,9061","6,4762","15,3554","25,9084","49,8643","322,0204","1.236,0348"
"FFP","QNB FİNANS PORTFÖY FON SEPETİ FONU","Fon Sepeti Şemsiye Fonu","0,9510","9,9708","27,6468","35,8649","49,8267","245,3236","-"
"KTR","KUVEYT TÜRK PORTFÖY BİRİNCİ KATILIM SERBEST (TL) FON","Serbest Şemsiye Fonu","3,8778","12,3432","25,5249","31,6933","49,7619","128,7553","200,0308"
"GUM","AK PORTFÖY GÜMÜŞ FON SEPETI FONU","Fon Sepeti Şemsiye Fonu","-6,4005","2,0898","33,0167","32,6121","49,6999","306,8266","-"
"FPH","FİBA PORTFÖY HİSSE SENEDİ (TL) FONU (HİSSE SENEDİ YOĞUN FON)","Hisse Senedi Şemsiye Fonu","-9,5975","2,0234","18,3425","41,5547","49,6884","715,0691","1.834,2613"
"AFA","AK PORTFÖY AMERİKA YABANCI HİSSE SENEDİ FONU","Hisse Senedi Şemsiye Fonu","-0,7840","8,7466","18,4923","29,4045","49,6659","336,9081","970,9307"
"OPB","OSMANLI PORTFÖY BİRİNCİ DEĞİŞKEN FON","Değişken Şemsiye Fonu","-3,4376","6,7896","18,3971","33,7508","49,6142","326,0836","-"
"ZSG","ZİRAAT PORTFÖY ESG SÜRDÜRÜLEBİLİRLİK FON SEPETİ FONU","Fon Sepeti Şemsiye Fonu","-6,6119","3,2428","19,9096","37,1853","49,5756","-","-"
"GO4","FONERİA PORTFÖY DÖRDÜNCÜ FON SEPETİ FONU","Fon Sepeti Şemsiye Fonu","-3,2335","4,9661","16,7284","28,8594","49,4799","-","-"
"KUB","KARE PORTFÖY DEĞİŞKEN  (DÖVİZ) FONU","Değişken Şemsiye Fonu","-0,0852","6,2296","17,8242","27,6231","49,4501","357,8198","786,8461"
"DBZ","DENİZ PORTFÖY ÖZEL SEKTÖR BORÇLANMA ARAÇLARI FONU","Borçlanma Araçları Şemsiye Fonu","4,1127","12,0707","24,5089","31,1513","49,2839","116,4013","180,4384"
"ONN","AKTİF PORTFÖY AKTİF ONİKS SERBEST (TL) FON","Serbest Şemsiye Fonu","2,9272","10,8588","23,3268","30,2323","49,1897","123,1150","-"
"TBV","İŞ PORTFÖY ÖZEL SEKTÖR BORÇLANMA ARAÇLARI (TL) FONU","Borçlanma Araçları Şemsiye Fonu","3,9043","11,8265","24,4595","31,3650","49,1011","120,0302","187,4894"
"AYR","AK PORTFÖY ÖZEL SEKTÖR BORÇLANMA ARAÇLARI (TL) FONU","Borçlanma Araçları Şemsiye Fonu","3,8814","11,7943","24,1535","30,7249","49,0825","123,4511","188,3482"
"IFV","ICBC TURKEY PORTFÖY BİRİNCİ KISA VADELİ BORÇLANMA ARAÇLARI (TL) FONU","Borçlanma Araçları Şemsiye Fonu","4,2920","12,6321","25,3205","31,3227","49,0788","-","-"
"KSV","KUVEYT TÜRK PORTFÖY KISA VADELİ KATILIM SERBEST (TL) FON","Serbest Şemsiye Fonu","3,8363","12,1339","25,0784","31,2086","49,0786","120,9872","-"
"MTV","AK PORTFÖY METAVERSE VE DİJİTAL YAŞAM TEKNOLOJİLERİ DEĞİŞKEN FON","Değişken Şemsiye Fonu","-2,1757","5,5179","11,2521","24,0910","49,0378","-","-"
"BTE","BV PORTFÖY OYUN VE TEKNOLOJİ DEĞİŞKEN FON","Değişken Şemsiye Fonu","-5,8176","4,5150","9,4751","25,9199","48,9403","-","-"
"MPK","AKTİF PORTFÖY KİRA SERTİFİKASI KATILIM (TL) FONU","Katılım Şemsiye Fonu","3,6275","11,1927","22,4496","28,0234","48,7566","142,1696","218,7472"
"TFF","TEB PORTFÖY AMERİKA TEKNOLOJİ YABANCI BYF FON SEPETİ FONU","Fon Sepeti Şemsiye Fonu","-2,0985","6,0951","11,2830","22,2660","48,7561","309,5877","806,0152"
"BDC","AURA PORTFÖY BODRUM SERBEST FON","Serbest Şemsiye Fonu","-5,9741","2,6263","21,7442","36,7432","48,7133","-","-"
"TOT","TEB PORTFÖY ÖZEL SEKTÖR BORÇLANMA ARAÇLARI FONU","Borçlanma Araçları Şemsiye Fonu","4,0629","12,3886","25,3717","31,5295","48,4937","110,9963","178,8702"
"GA1","GARANTİ PORTFÖY BORÇLANMA ARAÇLARI FONU","Borçlanma Araçları Şemsiye Fonu","3,1112","11,0399","23,0291","29,1738","48,4178","139,1098","209,4674"
"ACK","İSTANBUL PORTFÖY HİSSE SENEDİ FONU(HİSSE SENEDİ YOĞUN FON)","Hisse Senedi Şemsiye Fonu","-6,8286","-0,7327","13,4052","41,6378","48,4132","463,9938","881,0429"
"GBC","AZİMUT PYŞ YABANCI BYF FON SEPETİ FONU","Fon Sepeti Şemsiye Fonu","-5,8338","-0,4967","21,0016","25,2013","48,4118","290,1333","559,2881"
"ADE","AK PORTFÖY DEĞİŞKEN FON","Değişken Şemsiye Fonu","3,8913","11,9603","24,5352","30,4817","48,3567","116,5334","173,3672"
"KRC","KARE PORTFÖY BİRİNCİ BORÇLANMA ARAÇLARI FONU","Borçlanma Araçları Şemsiye Fonu","3,9900","12,5830","24,8811","30,8220","48,1654","126,4308","213,6112"
"GSM","INVEO PORTFÖY SMART ALGO SERBEST FON","Serbest Şemsiye Fonu","-2,0462","9,9594","19,1918","47,1636","48,0861","-","-"
"MMH","AKTİF PORTFÖY BIST 30 ENDEKSİ HİSSE SENEDİ (TL) FONU (HİSSE SENEDİ YOĞUN FON)","Hisse Senedi Şemsiye Fonu","-9,2443","-0,7847","15,9721","41,4590","47,9945","745,7747","-"
"ICV","ICBC TURKEY PORTFÖY BİRİNCİ SERBEST FON","Serbest Şemsiye Fonu","1,3490","8,3847","21,3930","29,7515","47,7779","161,8512","-"
"FYD","QNB FİNANS PORTFÖY BİRİNCİ HİSSE SENEDİ FONU (HİSSE SENEDİ YOĞUN FON)","Hisse Senedi Şemsiye Fonu","-10,1787","4,4164","24,2400","52,5896","47,6953","921,6625","1.729,5520"
"DMG","DENİZ PORTFÖY GÜMÜŞ FON SEPETİ FONU","Fon Sepeti Şemsiye Fonu","-6,0286","2,8373","29,1069","30,0526","47,5981","-","-"
"YBS","YAPI KREDİ PORTFÖY ÖZEL SEKTÖR BORÇLANMA ARAÇLARI FONU","Borçlanma Araçları Şemsiye Fonu","3,4677","11,0551","23,0662","28,8935","47,5846","124,8654","190,5305"
"GPB","GARANTİ PORTFÖY BİRİNCİ DEĞİŞKEN FON","Değişken Şemsiye Fonu","2,8568","10,8843","23,6369","30,3729","47,5701","131,4339","223,2694"
"FZJ","FİBA PORTFÖY BİRİNCİ FON SEPETİ FONU","Fon Sepeti Şemsiye Fonu","-0,1104","8,4497","20,6177","28,8213","47,5370","-","-"
"OSL","OSMANLI PORTFÖY KISA VADELİ BORÇLANMA ARAÇLARI (TL) FONU","Borçlanma Araçları Şemsiye Fonu","3,9643","12,1102","25,0151","30,9186","47,5312","114,3076","181,1670"
"GYK","INVEO PORTFÖY BORÇLANMA ARAÇLARI (TL) FONU","Borçlanma Araçları Şemsiye Fonu","3,0743","11,0613","23,8971","29,0459","47,4670","141,3109","215,7667"
"DBP","DENİZ PORTFÖY BİRİNCİ DEĞİŞKEN FON","Değişken Şemsiye Fonu","-6,1652","-1,3819","11,8405","29,0195","47,4174","444,6606","621,1679"
"OLE","OSMANLI PORTFÖY BİRİNCİ FON SEPETİ FONU","Fon Sepeti Şemsiye Fonu","4,0167","12,4648","24,6366","30,6674","47,4148","-","-"
"MBL","MEKSA PORTFÖY İKİNCİ DEĞİŞKEN FON","Değişken Şemsiye Fonu","4,1679","12,4973","25,9765","32,4100","47,4127","79,1067","119,1931"
"IPG","İŞ PORTFÖY ATAK FON SEPETİ FONU","Fon Sepeti Şemsiye Fonu","-3,4848","2,4891","17,0054","24,4923","47,3285","236,0816","331,5848"
"HYP","AZİMUT PORTFÖY İVME SERBEST FON","Serbest Şemsiye Fonu","-5,5907","4,2711","12,6798","25,4594","47,3024","356,7231","-"
"HPT","HSBC PORTFÖY KISA VADELİ BORÇLANMA ARAÇLARI (TL) FONU","Borçlanma Araçları Şemsiye Fonu","3,9403","12,2013","24,8993","30,9114","47,2795","105,4678","157,7245"
"TE3","TEB PORTFÖY MUTLAK GETİRİ HEDEFLİ DEĞİŞKEN FON","Değişken Şemsiye Fonu","2,7394","10,9324","24,2776","31,2032","47,1820","182,8077","279,1929"
"FYO","QNB FİNANS PORTFÖY ÖZEL SEKTÖR BORÇLANMA ARAÇLARI FONU","Borçlanma Araçları Şemsiye Fonu","4,0527","12,2943","24,7103","30,4411","47,1300","118,4523","173,1474"
"VFK","ZİRAAT PORTFÖY İKİNCİ KISA VADELİ KİRA SERTİFİKALARI KATILIM (TL) FONU","Katılım Şemsiye Fonu","3,8162","12,0703","24,2258","30,1222","47,0006","115,9757","-"
"TCF","TEB PORTFÖY ÜÇÜNCÜ FON SEPETİ FONU","Fon Sepeti Şemsiye Fonu","3,2380","13,0911","26,9255","34,0466","46,9808","-","-"
"GOH","GARANTİ PORTFÖY BIST 100 DIŞI ŞİRKETLER HİSSE SENEDİ (TL) FONU (HİSSE SENEDİ YOĞUN FON)","Hisse Senedi Şemsiye Fonu","-5,9289","0,8771","10,2297","33,5291","46,9280","953,1631","-"
"FPK","FİBA PORTFÖY KISA VADELİ BORÇLANMA ARAÇLARI (TL)FONU","Borçlanma Araçları Şemsiye Fonu","3,8272","12,0387","24,4284","30,2222","46,9146","111,6073","169,7500"
"DSP","DENİZ PORTFÖY BİRİNCİ FON SEPETİ FONU","Fon Sepeti Şemsiye Fonu","-0,4262","6,2769","20,2820","30,3909","46,8682","297,8186","434,2211"
"TI3","İŞ PORTFÖY İŞ BANKASI İŞTİRAKLERİ ENDEKSİ HİSSE SENEDİ (TL) FONU (HİSSE SENEDİ YOĞUN FON)","Hisse Senedi Şemsiye Fonu","-16,7168","-1,9249","9,2868","31,1948","46,8479","880,9740","1.648,8759"
"HPO","HSBC PORTFÖY ÇOKLU VARLIK BİRİNCİ DEĞİŞKEN FON","Değişken Şemsiye Fonu","1,4142","10,8190","24,4132","31,2109","46,8454","172,2321","251,4622"
"KLU","KUVEYT TÜRK PORTFÖY PARA PİYASASI KATILIM (TL) FONU","Katılım Şemsiye Fonu","3,8260","12,0430","24,5642","30,5576","46,7874","110,7887","-"
"YAY","YAPI KREDİ PORTFÖY YABANCI TEKNOLOJİ SEKTÖRÜ HİSSE SENEDİ FONU","Hisse Senedi Şemsiye Fonu","-6,4869","1,3530","9,0595","19,1264","46,7684","304,4109","1.018,3886"
"ODP","OSMANLI PORTFÖY BİRİNCİ SERBEST FON","Serbest Şemsiye Fonu","-2,5105","5,7576","13,7522","24,3276","46,6965","-","-"
"PRU","ALLBATROSS PORTFÖY KISA VADELİ SERBEST (TL) FON","Serbest Şemsiye Fonu","3,9803","10,7356","22,0095","28,0316","46,6749","-","-"
"HKR","HSBC PORTFÖY KIRMIZI HİSSE SENEDİ SERBEST (TL) FON (HİSSE SENEDİ YOĞUN FON)","Serbest Şemsiye Fonu","-15,6536","0,3406","19,2103","46,4736","46,6541","-","-"
"DHJ","DENİZ PORTFÖY TEKNOLOJİ ŞİRKETLERİ HİSSE SENEDİ FONU (HİSSE SENEDİ YOĞUN FON)","Hisse Senedi Şemsiye Fonu","-3,0172","-4,7986","-4,3137","32,3833","46,6237","-","-"
"HVS","HSBC PORTFÖY HİSSE SENEDİ (TL) FONU (HİSSE SENEDİ YOĞUN FON)","Hisse Senedi Şemsiye Fonu","-11,9892","1,0161","19,0698","47,1068","46,5427","986,4075","1.971,8739"
"HSA","HSBC PORTFÖY DEĞİŞKEN (TL) FON","Değişken Şemsiye Fonu","-6,7205","5,6862","22,8359","38,7757","46,5060","567,5914","1.123,8960"
"AIS","AK PORTFÖY KİRA SERTİFİKALARI KATILIM FONU","Katılım Şemsiye Fonu","3,3355","10,8953","23,0263","29,2678","46,2325","118,7768","171,1375"
"RBV","ALBARAKA PORTFÖY KISA VADELİ KİRA SERTİFİKALARI KATILIM (TL) FONU","Katılım Şemsiye Fonu","3,6963","11,6795","23,9813","29,9924","46,2320","115,3401","170,1521"
"OIR","OSMANLI PORTFÖY DENGELİ FON SEPETİ FONU","Fon Sepeti Şemsiye Fonu","1,5817","10,4398","24,0107","33,0338","46,1610","-","-"
"DBK","DENİZ PORTFÖY KISA VADELİ BORÇLANMA ARAÇLARI (TL) FONU","Borçlanma Araçları Şemsiye Fonu","4,1214","12,5562","25,3554","31,0916","46,1462","111,4901","168,4248"
"DTL","DENİZ PORTFÖY BIST 100 DIŞI ŞİRKETLER HİSSE SENEDİ (TL) FONU (HİSSE SENEDİ YOĞUN FON)","Hisse Senedi Şemsiye Fonu","-2,1568","0,8064","10,3274","38,4590","46,0749","-","-"
"HPD","HSBC PORTFÖY ÇOKLU VARLIK İKİNCİ DEĞİŞKEN FON","Değişken Şemsiye Fonu","-2,3510","6,8102","19,4486","30,3362","45,8623","317,9783","536,7226"
"NJY","NUROL PORTFÖY BİRİNCİ KATILIM FONU","Katılım Şemsiye Fonu","4,3869","12,8255","24,8660","30,5937","45,8600","-","-"
"PFS","ATLAS PORTFÖY FON SEPETİ FONU","Fon Sepeti Şemsiye Fonu","1,8934","11,3929","26,9388","36,6388","45,8149","-","-"
"YPC","YAPI KREDİ PORTFÖY İKLİM DEĞİŞİKLİĞİ ÇÖZÜMLERİ DEĞİŞKEN FON","Değişken Şemsiye Fonu","-3,3672","8,3532","24,1968","36,8181","45,4457","-","-"
"YPK","YAPI KREDİ PORTFÖY GALATA SERBEST FON","Serbest Şemsiye Fonu","1,7264","9,2403","22,5988","29,3668","45,4175","266,0653","437,3688"
"KTM","KUVEYT TÜRK PORTFÖY BİRİNCİ KATILIM (TL) FONU","Katılım Şemsiye Fonu","0,6968","9,4785","22,2947","36,7223","45,4159","338,6165","569,3240"
"SPE","AZIMUT PORTFÖY 5.0 SERBEST (DÖVIZ) FON","Serbest Şemsiye Fonu","3,3745","7,3605","15,6102","21,8303","45,4114","412,5487","941,1149"
"MPF","AKTİF PORTFÖY KISA VADELİ KİRA SERTİFİKASI KATILIM (TL) FONU","Katılım Şemsiye Fonu","3,8320","11,8815","23,7987","29,4291","45,3823","112,3415","171,6917"
"OPI","OSMANLI PORTFÖY İKİNCİ HİSSE SENEDİ FONU(HİSSE SENEDİ YOĞUN FON)","Hisse Senedi Şemsiye Fonu","-10,7030","0,0480","15,0386","41,7787","45,3272","745,3399","-"
"DPK","DENİZ PORTFÖY KİRA SERTİFİKALARI KATILIM (TL) FONU","Katılım Şemsiye Fonu","3,7621","11,9176","23,6959","29,5759","45,1505","121,9283","179,0588"
"KTV","KUVEYT TÜRK PORTFÖY KISA VADELİ KİRA SERTİFİKALARI KATILIM (TL) FONU","Katılım Şemsiye Fonu","3,7973","11,8753","23,7963","29,3968","45,0263","109,9087","163,6865"
"EKF","QİNVEST PORTFÖY KİRA SERTİFİKASI KATILIM (TL) FONU","Katılım Şemsiye Fonu","3,9694","12,6124","25,4329","31,9537","44,9675","188,1689","275,5786"
"MJB","AKTİF PORTFÖY BİRİNCİ FON SEPETİ FONU","Fon Sepeti Şemsiye Fonu","-1,0683","5,4330","18,0566","25,4666","44,9623","-","-"
"GKF","GLOBAL MD PORTFÖY KATILIM FONU","Katılım Şemsiye Fonu","-2,1644","4,9099","17,7653","41,5629","44,8730","200,6718","-"
"YJK","YAPI KREDİ PORTFÖY ROBOTİK VE YARI İLETKEN TEKNOLOJİLERİ FON SEPETİ FONU","Fon Sepeti Şemsiye Fonu","-5,1873","3,7467","12,1330","21,3988","44,8187","-","-"
"YSU","YAPI KREDİ PORTFÖY ÜÇÜNCÜ DEĞİŞKEN FON","Değişken Şemsiye Fonu","-0,6607","7,8008","19,6485","31,3629","44,7936","303,9454","426,7860"
"GLS","AZİMUT PORTFÖY  KİRA SERTİFİKALARI (SUKUK) KATILIM FONU","Katılım Şemsiye Fonu","3,3842","11,0138","22,2586","28,6751","44,7215","129,3584","204,5276"
"TZT","ZİRAAT PORTFÖY BORÇLANMA ARAÇLARI (TL) FONU","Borçlanma Araçları Şemsiye Fonu","4,9203","14,0902","24,3948","29,4604","44,6522","166,4521","240,4190"
"YEF","YAPI KREDİ PORTFÖY BIST 30 ENDEKSİ HİSSE SENEDİ FONU (HİSSE SENEDİ YOĞUN FON)","Hisse Senedi Şemsiye Fonu","-9,2118","0,1172","17,8996","42,7968","44,6479","641,6265","869,9647"
"MAD","MEKSA PORTFÖY BİRİNCİ DEĞİŞKEN FON","Değişken Şemsiye Fonu","-9,5753","4,4075","16,9983","42,5853","44,6327","451,3336","557,3084"
"YTD","YAPI KREDİ PORTFÖY YABANCI FON SEPETİ FONU","Fon Sepeti Şemsiye Fonu","4,0167","9,9889","21,9251","25,2592","44,5933","325,2094","718,3264"
"IYB","AURA PORTFÖY DEĞİŞKEN FONU","Değişken Şemsiye Fonu","-1,8039","3,1541","16,2152","25,3624","44,5141","244,8612","353,7471"
"ZPG","ZİRAAT PORTFÖY KİRA SERTİFİKALARI (SUKUK) KATILIM FONU","Katılım Şemsiye Fonu","3,7751","11,4366","23,1080","28,7448","44,4425","139,0964","205,2738"
"IJC","İŞ PORTFÖY YARI İLETKEN TEKNOLOJİLERİ DEĞİŞKEN FON","Değişken Şemsiye Fonu","-8,0077","3,1807","9,6958","28,1216","44,3118","518,7954","-"
"AC1","PARDUS PORTFÖY KISA VADELİ KATILIM SERBEST FONU","Serbest Şemsiye Fonu","3,4293","10,9331","22,5020","28,1682","44,2755","-","-"
"IUH","INVEO PORTFÖY DÖNÜŞTÜRÜCÜ TEKNOLOJİLER FON SEPETİ FONU","Fon Sepeti Şemsiye Fonu","-3,4256","3,6526","10,2666","22,4252","44,2701","-","-"
"KRS","KARE PORTFÖY SERBEST (DÖVİZ) FON","Serbest Şemsiye Fonu","-5,9358","1,5533","10,6820","22,1929","44,2471","316,6851","572,8442"
"ZLH","ZİRAAT PORTFÖY BIST 100-30 ŞİRKETLERİ HİSSE SENEDİ FONU ( HİSSE SENEDİ YOĞUN FON)","Hisse Senedi Şemsiye Fonu","-9,2368","3,6199","13,2172","46,7270","44,2447","-","-"
"RBT","ALBARAKA PORTFÖY KİRA SERTİFİKALARI  KATILIM FONU","Katılım Şemsiye Fonu","3,6527","11,4019","23,2598","29,0498","44,0696","105,2943","153,8701"
"EC2","GLOBAL MD PORTFÖY BİRİNCİ HİSSE SENEDİ FONU(HİSSE SENEDİ YOĞUN FON)","Hisse Senedi Şemsiye Fonu","-6,4727","-3,4197","2,0044","24,5975","44,0111","851,5615","1.330,5157"
"OHK","OYAK PORTFÖY KATILIM HİSSE SENEDİ (TL) FONU (HİSSE SENEDİ YOĞUN FON)","Hisse Senedi Şemsiye Fonu","-6,3654","-6,1168","3,2707","27,8991","43,9742","-","-"
"OHB","OYAK PORTFÖY BİRİNCİ HİSSE SENEDİ (TL) FONU (HİSSE SENEDİ YOĞUN FON)","Hisse Senedi Şemsiye Fonu","-9,1429","1,0235","14,9679","45,1228","43,9569","748,8046","1.376,5264"
"HBN","HSBC PORTFÖY BİRİNCİ FON SEPETİ FONU","Fon Sepeti Şemsiye Fonu","-4,2581","6,4987","19,7642","31,7607","43,8541","-","-"
"ZBD","ZİRAAT PORTFÖY DENGELİ DEĞİŞKEN FON","Değişken Şemsiye Fonu","-3,5813","4,3875","14,6903","33,8853","43,6188","339,1781","501,2076"
"ZCD","ZİRAAT PORTFÖY ALTINCI SERBEST (TL) FON","Serbest Şemsiye Fonu","0,3680","11,3602","21,4477","28,7167","43,4797","-","-"
"OPL","OSMANLI PORTFÖY İKİNCİ DEĞİŞKEN FON","Değişken Şemsiye Fonu","-0,5406","5,0757","19,7737","29,3781","43,4029","319,9437","-"
"GO3","FONERİA PORTFÖY ÜÇÜNCÜ FON SEPETİ FONU","Fon Sepeti Şemsiye Fonu","-2,4804","5,0141","14,5259","22,8682","43,3300","-","-"
"HGM","HEDEF PORTFÖY İKİNCİ HİSSE SENEDİ (TL) FONU (HİSSE SENEDİ YOĞUN FON)","Hisse Senedi Şemsiye Fonu","-3,5392","5,9653","6,4856","40,0303","43,1582","-","-"
"ELZ","QİNVEST PORTFÖY KATILIM HİSSE SENEDİ FONU (HİSSE SENEDİ YOĞUN FON)","Hisse Senedi Şemsiye Fonu","-5,6385","1,7030","9,9866","33,0469","43,1193","614,0598","-"
"HKH","HEDEF PORTFÖY KATILIM HİSSE SENEDİ (TL) FONU (HİSSE SENEDİ YOĞUN FON)","Hisse Senedi Şemsiye Fonu","-6,8581","-2,0038","5,0227","38,6170","43,0879","-","-"
"TPP","TEB PORTFÖY PUSULA SERBEST FON","Serbest Şemsiye Fonu","0,8059","17,5538","26,0642","38,4606","42,9903","723,2210","1.843,6175"
"YUB","YAPI KREDİ PORTFÖY KARAKÖY HİSSE SENEDİ SERBEST FON (HİSSE SENEDİ YOĞUN FON)","Serbest Şemsiye Fonu","-11,1515","2,3602","20,1938","53,4747","42,9254","-","-"
"TBE","TEB PORTFÖY SAĞLIK VE BİYOTEKNOLOJİ DEĞİŞKEN FON","Değişken Şemsiye Fonu","3,3898","15,6418","25,9502","32,3589","42,8980","-","-"
"TLZ","ATA PORTFÖY ANALİZ HİSSE SENEDİ (TL) FONU (HİSSE SENEDİ YOĞUN FON)","Hisse Senedi Şemsiye Fonu","-10,3657","0,2018","11,4356","37,5525","42,7278","798,4419","1.205,5305"
"TPV","AURA PORTFÖY İKİNCİ DEĞİŞKEN FON","Değişken Şemsiye Fonu","-0,7775","2,8028","10,3957","20,0235","42,7063","190,0694","313,7831"
"AYA","ATA PORTFÖY KAR PAYI ÖDEYEN HİSSE SENEDİ (TL) FONU (HİSSE SENEDİ YOĞUN FON)","Hisse Senedi Şemsiye Fonu","-6,7856","-2,6189","11,5534","38,1446","42,6446","474,7508","954,9826"
"GPC","GARANTİ PORTFÖY İKİNCİ SERBEST ( DÖVİZ ) FON","Serbest Şemsiye Fonu","3,3046","8,1525","15,7991","19,7705","42,6195","338,4208","672,4729"
"IHC","INVEO PORTFÖY INTER SERBEST FON","Serbest Şemsiye Fonu","2,1593","1,6488","15,9727","16,1700","42,5724","-","-"
"TJI","TEB PORTFÖY İKİNCİ FON SEPETİ FONU","Fon Sepeti Şemsiye Fonu","-0,9348","7,6676","20,1109","29,2200","42,4872","-","-"
"YFV","YAPI KREDİ PORTFÖY KİRA SERTİFİKALARI KATILIM FONU","Katılım Şemsiye Fonu","3,0233","10,5558","20,5341","27,0519","42,3718","144,8653","204,6356"
"OTJ","OYAK PORTFÖY KIYMETLİ MADENLER FON SEPETİ FONU","Fon Sepeti Şemsiye Fonu","0,2175","4,5082","27,3595","25,0058","42,3167","-","-"
"ZPC","ZİRAAT PORTFÖY FON SEPETİ FONU","Fon Sepeti Şemsiye Fonu","-1,3038","7,1044","20,4101","33,8140","42,1647","410,8387","628,8044"
"TLE","AURA PORTFÖY YABANCI BORÇLANMA ARAÇLARI FONU","Borçlanma Araçları Şemsiye Fonu","2,0901","4,1829","12,9524","20,3755","41,8910","326,3051","633,0730"
"YOT","YAPI KREDİ PORTFÖY BORÇLANMA ARAÇLARI FONU","Borçlanma Araçları Şemsiye Fonu","1,0802","9,0366","19,4500","25,5244","41,7885","161,0893","227,2170"
"FPE","FİBA PORTFÖY EUROBOND BORÇLANMA ARAÇLARI (DÖVİZ)FONU","Borçlanma Araçları Şemsiye Fonu","3,2957","7,0438","14,5153","19,4592","41,6043","361,7943","749,4679"
"YCY","İSTANBUL PORTFÖY KATILIM FON SEPETİ FONU","Fon Sepeti Şemsiye Fonu","0,1988","7,5966","21,3083","26,3724","41,5073","-","-"
"FJZ","FİBA PORTFÖY FIRTINA SERBEST (DÖVİZ) FON","Serbest Şemsiye Fonu","3,3949","6,8258","14,7427","20,5584","41,5015","364,9252","-"
"FNO","QNB FİNANS PORTFÖY BİRİNCİ DEĞİŞKEN FON","Değişken Şemsiye Fonu","-0,6319","6,5855","21,1687","30,5754","41,4465","256,6465","425,8712"
"MPS","AKTİF PORTFÖY KATILIM HİSSE SENEDİ (TL) FONU (HİSSE SENEDİ YOĞUN FON)","Hisse Senedi Şemsiye Fonu","-6,4942","1,2960","10,7574","39,2980","41,4129","524,3838","1.662,3008"
"GTF","AZİMUT PYŞ BİRİNCİ BORÇLANMA ARAÇLARI FONU","Borçlanma Araçları Şemsiye Fonu","2,9626","9,6899","20,9359","27,0483","41,3301","128,9156","207,6961"
"IAT","İŞ PORTFÖY KİRA SERTİFİKALARI KATILIM (TL) FONU","Katılım Şemsiye Fonu","3,2395","11,1816","21,8058","26,9828","41,3188","120,9818","173,9433"
"GPA","GARANTİ PORTFÖY EUROBOND BORÇLANMA ARAÇLARI (DÖVİZ) FONU","Borçlanma Araçları Şemsiye Fonu","3,4509","8,3539","15,8513","20,1940","41,2535","336,3943","638,8703"
"KSR","KUVEYT TÜRK PORTFÖY SÜRDÜRÜLEBİLİRLİK KATILIM FONU","Katılım Şemsiye Fonu","-1,5822","4,2060","14,4036","25,6827","41,0265","-","-"
"RPC","ROTA PORTFÖY İKLİM DEĞİŞİKLİĞİ ÇÖZÜMLERİ DEĞİŞKEN FON","Değişken Şemsiye Fonu","-2,7442","-0,2894","18,7802","30,6234","40,9264","-","-"
"OFS","OYAK PORTFÖY BİRİNCİ FON SEPETİ FONU","Fon Sepeti Şemsiye Fonu","0,7338","5,8080","23,0105","28,4533","40,8839","284,4185","-"
"FUB","QNB FİNANS PORTFÖY EUROBOND (DÖVİZ) BORÇLANMA ARAÇLARI FONU","Borçlanma Araçları Şemsiye Fonu","3,1492","7,6634","16,1527","21,0784","40,8640","339,3460","652,6414"
"OPH","OSMANLI PORTFÖY BİRİNCİ HİSSE SENEDİ FONU(HİSSE SENEDİ YOĞUN FON)","Hisse Senedi Şemsiye Fonu","-11,1789","0,2741","10,4162","37,4218","40,8406","739,0092","-"
"DKH","DENİZ PORTFÖY KATILIM HİSSE SENEDİ (TL) FONU (HİSSE SENEDİ YOĞUN FON)","Hisse Senedi Şemsiye Fonu","-6,1159","-1,4672","17,8501","45,2355","40,8140","-","-"
"FBV","İŞ PORTFÖY MODEL SERBEST FON","Serbest Şemsiye Fonu","-2,4117","4,7543","22,5335","27,6283","40,7416","218,7565","-"
"OBI","OYAK PORTFÖY İKİNCİ BORÇLANMA ARAÇLARI (TL) FONU","Borçlanma Araçları Şemsiye Fonu","1,7434","9,4714","21,6538","29,1435","40,6865","-","-"
"ESG","AKTİF PORTFÖY ESG SÜRDÜRÜLEBİLİRLİK SERBEST FON","Serbest Şemsiye Fonu","-2,2663","3,6466","14,3271","25,8956","40,6741","145,4761","-"
"YAC","YAPI KREDİ PORTFÖY İKİNCİ FON SEPETİ FONU","Fon Sepeti Şemsiye Fonu","-3,5266","3,0452","17,4163","27,6830","40,6736","299,9617","559,3213"
"RBH","ALBARAKA PORTFÖY KATILIM HİSSE SENEDİ FONU (HİSSE SENEDİ YOĞUN FON)","Hisse Senedi Şemsiye Fonu","-4,7235","2,9163","7,2011","34,1072","40,6383","585,2374","1.739,0427"
"DFI","ATLAS PORTFÖY İKİNCİ SERBEST (TL) FON","Serbest Şemsiye Fonu","2,6971","14,2404","24,7679","31,0279","40,5438","-","-"
"YBE","YAPI KREDİ PORTFÖY EUROBOND (DOLAR) BORÇLANMA ARAÇLARI FONU","Borçlanma Araçları Şemsiye Fonu","2,7779","7,8953","16,1645","20,5750","40,4558","330,9455","633,7064"
"AKE","AK PORTFÖY EUROBOND (AMERİKAN DOLARI) BORÇLANMA ARAÇLARI FONU","Borçlanma Araçları Şemsiye Fonu","4,1608","8,1539","16,0134","20,1868","40,3803","339,0490","658,5369"
"NBH","NEO PORTFÖY ALGORİTMİK STRATEJİLER SERBEST FON","Serbest Şemsiye Fonu","-2,1457","9,7244","12,7791","30,3059","40,1764","206,6038","-"
"KPU","KUVEYT TÜRK PORTFÖY İKİNCİ KATILIM HİSSE SENEDİ (TL) FONU (HİSSE SENEDİ YOĞUN FON)","Hisse Senedi Şemsiye Fonu","-6,1413","-0,8075","6,9976","31,5713","40,1456","-","-"
"PDD","QİNVEST PORTFÖY KATILIM FONU","Katılım Şemsiye Fonu","2,5362","8,9348","21,7949","29,0232","40,0563","176,7453","-"
"TLH","AURA PORTFÖY HİSSE SENEDİ FONU (HİSSE SENEDİ YOĞUN FON)","Hisse Senedi Şemsiye Fonu","-9,0524","-4,9471","8,7283","37,9529","39,9491","849,0906","1.340,1057"
"GPG","INVEO PORTFÖY BİRİNCİ DEĞİŞKEN FON","Değişken Şemsiye Fonu","1,4793","1,7021","18,6135","17,6716","39,8444","361,8432","561,8162"
"AFV","AK PORTFÖY AVRUPA YABANCI HİSSE SENEDİ FONU","Hisse Senedi Şemsiye Fonu","0,0003","3,3174","17,5736","22,3904","39,7846","342,8186","767,8046"
"YPV","YAPI KREDİ PORTFÖY ÜÇÜNCÜ FON SEPETİ FONU","Fon Sepeti Şemsiye Fonu","-5,5656","-1,2080","17,3782","26,3507","39,5677","266,6476","-"
"YAK","YAPI KREDİ PORTFÖY KARMA FON","Karma Şemsiye Fonu","-2,4679","5,2365","16,7572","28,7798","39,5116","331,6911","559,9534"
"MPN","AKTİF PORTFÖY İKİNCİ AKTİF SERBEST (DÖVİZ) FON","Serbest Şemsiye Fonu","3,1978","7,3221","14,9130","19,3109","39,5031","-","572,2865"
"FID","FİBA PORTFÖY ÇOKLU VARLIK İKİNCİ DEĞİŞKEN FON","Değişken Şemsiye Fonu","-7,8716","0,7149","13,4579","30,1050","39,4976","461,6016","915,0257"
"DBB","DENİZ PORTFÖY BORÇLANMA ARAÇLARI FONU","Borçlanma Araçları Şemsiye Fonu","1,7243","9,1535","19,3368","24,9613","38,6331","118,5120","158,5316"
"KTN","KUVEYT TÜRK PORTFÖY KİRA SERTİFİKALARI KATILIM (TL) FONU","Katılım Şemsiye Fonu","2,6254","8,1550","18,9316","24,2496","38,3749","112,0105","170,1048"
"HOY","HSBC PORTFÖY YABANCI BYF FON SEPETI","Fon Sepeti Şemsiye Fonu","0,7229","6,9404","14,8348","21,0425","38,3525","303,2342","590,0473"
"ODS","OYAK PORTFÖY İKİNCİ SERBEST(DÖVİZ) FON","Serbest Şemsiye Fonu","3,7657","7,1357","14,5126","19,6954","38,3086","355,8017","691,0549"
"TKF","TACİRLER PORTFÖY HİSSE SENEDİ FONU (HİSSE SENEDİ YOĞUN FON)","Hisse Senedi Şemsiye Fonu","-8,2145","5,0591","8,2958","34,7890","38,3082","523,6522","1.822,6245"
"FFH","QNB FİNANS PORTFÖY ÇOKLU VARLIK KATILIM FONU","Katılım Şemsiye Fonu","-0,8394","7,6810","17,6428","28,0218","37,8833","271,6103","-"
"HP3","HEDEF PORTFÖY LİDYA SERBEST (DÖVİZ) FON","Serbest Şemsiye Fonu","2,4334","6,3629","14,5603","20,7632","37,8017","-","-"
"YZK","YAPI KREDİ PORTFÖY KALAMIŞ SERBEST FON","Serbest Şemsiye Fonu","4,1932","8,7533","16,5158","20,3787","37,7888","283,2878","-"
"TVN","TRIVE PORTFÖY BİRİNCİ FON SEPETİ FONU","Fon Sepeti Şemsiye Fonu","-1,8025","1,7644","13,3566","20,0526","37,6510","-","-"
"IJB","İŞ PORTFÖY DİJİTAL OYUN SEKTÖRÜ KARMA FON","Karma Şemsiye Fonu","0,2779","6,8330","14,3075","24,7551","37,6226","252,7762","-"
"GZG","GARANTİ PORTFÖY SAĞLIK SEKTÖRÜ DEĞİŞKEN FON","Değişken Şemsiye Fonu","3,0955","8,4885","18,3317","26,7041","37,6204","-","-"
"YLY","YAPI KREDİ PORTFÖY KİLYOS KAR PAYI ÖDEYEN HİSSE SENEDİ SERBEST (TL) FON (HİSSE SENEDİ YOĞUN FON)","Serbest Şemsiye Fonu","-9,2952","-4,3230","10,3854","33,2411","37,6174","-","-"
"IPV","İŞ PORTFÖY EUROBOND BORÇLANMA ARAÇLARI (DÖVİZ) FONU","Borçlanma Araçları Şemsiye Fonu","3,3414","7,2757","15,0255","20,6114","37,5624","359,9591","710,7631"
"TPJ","TEB PORTFÖY BİRİNCİ SERBEST (DÖVİZ) FON","Serbest Şemsiye Fonu","3,3707","7,6666","15,6602","20,9063","37,5355","354,4713","701,7045"
"ZJV","ZİRAAT PORTFÖY BIST 30 DIŞI YILDIZ PAZAR ŞİRKETLERİ HİSSE SENEDİ FONU (HİSSE SENEDİ YOĞUN FON)","Hisse Senedi Şemsiye Fonu","-8,3068","0,6069","7,7069","38,2729","37,5127","651,3109","-"
"AC6","PARDUS PORTFÖY DÖRDÜNCÜ SERBEST (DÖVİZ) FON","Serbest Şemsiye Fonu","2,7245","5,7611","13,0313","17,6041","37,4580","-","-"
"GTY","GARANTİ PORTFÖY TREND SERBEST FON","Serbest Şemsiye Fonu","1,0874","5,5062","9,6123","10,2572","37,3481","189,6476","-"
"USY","ÜNLÜ PORTFÖY DEĞER YATIRIMLARI SERBEST FON","Serbest Şemsiye Fonu","-0,9052","3,6329","15,0787","19,2465","37,3093","456,6414","631,4784"
"ODD","OYAK PORTFÖY DÖRDÜNCÜ SERBEST FON","Serbest Şemsiye Fonu","-3,0751","4,6153","18,0146","29,0179","37,3005","243,9645","-"
"RTG","ATA PORTFÖY ROBOTİK TEKNOLOJİLERİ DEĞİŞKEN FON","Değişken Şemsiye Fonu","-8,9861","-1,1933","4,3895","14,2917","37,2810","-","-"
"KID","TRIVE PORTFÖY BİRİNCİ SERBEST (DÖVİZ) FON","Serbest Şemsiye Fonu","3,1686","7,2038","13,4944","17,4863","37,2786","-","-"
"GBG","INVEO PORTFÖY G-20 ÜLKELERİ YABANCI HİSSE SENEDİ FONU","Hisse Senedi Şemsiye Fonu","0,6038","4,5740","15,2188","19,6542","37,2423","307,3370","757,9999"
"ZPF","ZİRAAT PORTFÖY KATILIM FONU (DÖVİZ)","Katılım Şemsiye Fonu","2,8108","6,3919","14,5444","19,8265","37,0180","320,0313","575,7114"
"IUV","İŞ PORTFÖY BEŞİNCİ SERBEST (DÖVİZ)  FON","Serbest Şemsiye Fonu","3,5290","7,0951","14,8517","20,6561","36,8120","-","-"
"TI6","İŞ PORTFÖY ORTA VADELİ BORÇLANMA ARAÇLARI (TL) FONU","Borçlanma Araçları Şemsiye Fonu","2,4852","9,5850","19,8817","24,2795","36,7939","136,6104","185,9105"
"NHP","NEO PORTFÖY BİRİNCİ FON SEPETİ FONU","Fon Sepeti Şemsiye Fonu","2,2654","9,5784","15,3845","22,7866","36,4039","-","-"
"RBK","ALBARAKA PORTFÖY KATILIM FONU","Katılım Şemsiye Fonu","2,9069","6,2990","14,7861","19,8057","36,2199","240,4726","418,6141"
"YAN","YAPI KREDİ PORTFÖY BİRİNCİ FON SEPETİ FONU","Fon Sepeti Şemsiye Fonu","-3,9352","2,3956","13,6958","23,1329","36,1624","251,3454","490,5830"
"ZPA","ZİRAAT PORTFÖY SERBEST (DÖVİZ) FON","Serbest Şemsiye Fonu","2,8224","5,8653","12,7877","18,3574","36,1017","401,1420","-"
"OUD","OSMANLI PORTFÖY ATLANTİK SERBEST (DÖVİZ) FON","Serbest Şemsiye Fonu","2,9163","6,4195","13,5289","19,5295","35,9344","358,4738","-"
"TIE","İŞ PORTFÖY BIST 30 ENDEKSİ HİSSE SENEDİ (TL) FONU (HİSSE SENEDİ YOĞUN FON)","Hisse Senedi Şemsiye Fonu","-9,2306","-0,7494","13,8118","37,9950","35,9296","586,5008","805,2262"
"TPZ","TEB PORTFÖY KİRA SERTİFİKALARI (DÖVİZ) KATILIM FONU","Katılım Şemsiye Fonu","2,9081","6,5762","14,5680","19,1970","35,8857","362,6936","650,9804"
"RBR","RE-PIE  PORTFÖY BİRİNCİ KATILIM SERBEST FON","Serbest Şemsiye Fonu","-0,3222","4,1436","20,9947","26,2119","35,7903","-","-"
"TPL","TEB PORTFÖY EUROBOND (DÖVİZ) BORÇLANMA ARAÇLARI FONU","Borçlanma Araçları Şemsiye Fonu","2,9844","7,2552","14,7332","19,6760","35,7746","329,5893","613,4337"
"GMD","GLOBAL MD PORTFÖY BİRİNCİ FON SEPETİ FONU","Fon Sepeti Şemsiye Fonu","1,3004","6,0140","13,5220","19,9031","35,7502","-","-"
"AHN","ATLAS PORTFÖY SERBEST(DÖVİZ)FON","Serbest Şemsiye Fonu","4,1504","7,5819","15,2108","21,2601","35,7421","355,7236","718,6727"
"GPF","GARANTİ PORTFÖY BİRİNCİ KATILIM FONU","Katılım Şemsiye Fonu","0,3594","4,8988","13,0918","20,5192","35,7059","144,7225","198,7072"
"UJA","ÜNLÜ PORTFÖY İSTATİSTİKSEL ARBİTRAJ SERBEST FON","Serbest Şemsiye Fonu","1,6222","6,4119","15,1654","20,6589","35,4888","129,7866","-"
"GAE","GARANTİ PORTFÖY BİST30 ENDEKSİ HİSSE SENEDİ (TL) FONU (HİSSE SENEDİ YOĞUN FON)","Hisse Senedi Şemsiye Fonu","-9,0937","-0,6212","14,1699","39,0583","35,4269","586,2708","800,6326"
"TE4","TEB PORTFÖY BİRİNCİ DEĞİŞKEN FON","Değişken Şemsiye Fonu","-2,8941","5,9643","17,4693","24,2230","35,3034","177,8762","-"
"CKS","İŞ PORTFÖY BİRİNCİ KATILIM SERBEST (DÖVİZ) FON","Serbest Şemsiye Fonu","2,6204","5,6285","13,6167","18,6794","35,2778","-","-"
"YKS","YAPI KREDİ PORTFÖY İSTANBUL SERBEST FON","Serbest Şemsiye Fonu","1,8435","9,0245","21,4535","28,7412","35,2312","251,6131","405,3607"
"GZV","GARANTİ PORTFÖY ESG SÜRDÜRÜLEBİLİRLİK FON SEPETİ FONU","Fon Sepeti Şemsiye Fonu","-1,8228","4,0861","13,1438","19,5516","35,1472","298,4770","-"
"RPS","ROTA PORTFÖY BİRİNCİ SERBEST (DÖVİZ) FON","Serbest Şemsiye Fonu","2,6733","5,5307","12,7998","18,5272","35,0946","-","-"
"TJT","TEB PORTFÖY ALTINCI SERBEST (DÖVİZ-AVRO) FON","Serbest Şemsiye Fonu","4,1326","7,6613","15,4795","17,5412","35,0699","-","-"
"DZE","DENİZ PORTFÖY BIST 100 ENDEKSİ HİSSE SENEDİ FONU(HİSSE SENEDİ YOĞUN FON)","Hisse Senedi Şemsiye Fonu","-9,5555","-0,8440","13,2162","38,5903","35,0149","646,2710","978,5054"
"IEV","İŞ PORTFÖY TAŞIMACILIK DEĞİŞKEN FON","Değişken Şemsiye Fonu","1,3283","5,1911","11,1875","23,8005","34,9600","-","-"
"FBZ","FİBA PORTFÖY KAR PAYI ÖDEYEN SERBEST FON","Serbest Şemsiye Fonu","3,6377","8,8385","17,7710","18,1204","34,9416","105,3981","-"
"IVF","İSTANBUL PORTFÖY KATILIM HİSSE SENEDİ (TL) FONU (HİSSE SENEDİ YOĞUN FON)","Hisse Senedi Şemsiye Fonu","-7,0970","-1,5730","12,4742","40,4348","34,8615","-","-"
"IAU","PARDUS PORTFÖY İKİNCİ İSTATİSTİKSEL ARBİTRAJ SERBEST FON","Serbest Şemsiye Fonu","3,3308","9,7222","21,2757","27,2946","34,7849","-","-"
"ANZ","ATA PORTFÖY DÖRDÜNCÜ SERBEST (DÖVİZ) FON","Serbest Şemsiye Fonu","2,9248","5,8314","13,0604","18,6656","34,7646","347,5406","681,5962"
"IJT","İŞ PORTFÖY TARIM SERBEST FON","Serbest Şemsiye Fonu","-5,2617","2,4052","11,1779","17,1480","34,6257","440,6184","-"
"HGV","HEDEF PORTFÖY SENTİMENT SERBEST FON","Serbest Şemsiye Fonu","-1,3377","8,5941","14,1094","24,5398","34,6168","-","-"
"DSD","DENİZ PORTFÖY İKİNCİ SERBEST (DÖVİZ_AVRO) FON","Serbest Şemsiye Fonu","3,6928","7,0652","14,5224","16,5366","34,5788","290,9620","572,7327"
"KTT","KUVEYT TÜRK PORTFÖY DÖRDÜNCÜ KATILIM SERBEST (DÖVİZ) FON","Serbest Şemsiye Fonu","2,9502","6,2532","13,5330","19,0380","34,5604","341,8791","578,4736"
"NCS","NUROL PORTFÖY ÜÇÜNCÜ SERBEST (DÖVİZ) FON","Serbest Şemsiye Fonu","2,6891","5,7265","11,1629","19,9538","34,2044","-","-"
"ZPE","ZİRAAT PORTFÖY KATILIM HİSSE SENEDİ FONU (HİSSE SENEDİ YOĞUN FON)","Hisse Senedi Şemsiye Fonu","-6,6931","-0,4812","6,5357","30,5466","34,1929","599,4249","1.556,0714"
"DTZ","AK PORTFÖY ROBOTİK TEKNOLOJİLER DEĞİŞKEN FON","Değişken Şemsiye Fonu","-3,3843","1,3977","8,0077","21,5196","34,1667","-","-"
"KRT","KARE PORTFÖY TÜRKİYE ODAKLI SERBEST (DÖVİZ ) FON","Serbest Şemsiye Fonu","2,7694","5,9266","13,3893","19,2940","34,1258","353,3348","685,7222"
"OTK","OYAK PORTFÖY BİRİNCİ KATILIM SERBEST FON","Serbest Şemsiye Fonu","2,3319","9,2195","21,2286","34,6503","34,0884","141,7821","221,5158"
"AGC","AK PORTFÖY İKİNCİ DEĞİŞKEN FON","Değişken Şemsiye Fonu","3,3381","7,9706","15,7088","20,6386","33,9216","270,3261","482,0581"
"HBU","HSBC PORTFÖY BİST 30 ENDEKSİ HİSSE SENEDİ FONU (HİSSE SENEDİ YOĞUN FON)","Hisse Senedi Şemsiye Fonu","-9,5487","-1,0755","12,9721","38,2075","33,6398","629,9475","874,8955"
"TMM","TERA PORTFÖY İKİNCİ SERBEST (DÖVİZ) FON","Serbest Şemsiye Fonu","3,3290","7,1097","12,8523","16,7484","33,5238","-","-"
"IDF","İŞ PORTFÖY SERBEST (DÖVİZ) FON","Serbest Şemsiye Fonu","2,9200","5,9467","13,1839","18,6443","33,5090","353,8694","655,0124"
"NSD","NUROL PORTFÖY DÖRDÜNCÜ SERBEST (DÖVİZ) FON","Serbest Şemsiye Fonu","2,6971","5,8144","12,0139","17,3370","33,4865","-","-"
"ZCN","ZİRAAT PORTFÖY EMTİA FON SEPETİ FONU","Fon Sepeti Şemsiye Fonu","-2,7904","2,1972","18,2979","21,5287","33,4786","-","-"
"IUF","İŞ PORTFÖY YEDİNCİ SERBEST (DÖVİZ-AVRO) FON","Serbest Şemsiye Fonu","3,8281","7,0367","14,5445","16,2017","33,3509","-","-"
"IUT","INVEO PORTFÖY ESG SÜRDÜRÜLEBİLİRLİK FON SEPETİ FONU","Fon Sepeti Şemsiye Fonu","-3,7486","4,9433","19,9386","26,2878","33,1322","-","-"
"PSL","AZİMUT PORTFÖY 8.0 SERBEST FON","Serbest Şemsiye Fonu","2,3100","5,8399","13,0273","18,0495","33,0387","320,5608","-"
"GKV","GARANTİ PORTFÖY KATILIM HİSSE SENEDİ (TL) FONU (HİSSE SENEDİ YOĞUN FON)","Hisse Senedi Şemsiye Fonu","-6,1653","0,8404","10,3876","36,7670","32,9819","-","-"
"HMC","HEDEF PORTFÖY EKİNOKS SERBEST (TL) FON","Serbest Şemsiye Fonu","-3,8785","-2,0961","5,3835","25,3286","32,9369","-","-"
"GIH","ALLBATROSS PORTFÖY GIDA VE İÇECEK SEKTÖRÜ HİSSE SENEDİ SERBEST (TL) FON (HİSSE SENEDİ YOĞUN FON)","Serbest Şemsiye Fonu","-8,8950","2,0969","5,6838","33,6676","32,9083","-","-"
"AKU","AK PORTFÖY BIST 30 ENDEKSİ HİSSE SENEDİ (TL) FONU (HİSSE SENEDİ YOĞUN FON)","Hisse Senedi Şemsiye Fonu","-9,0921","-1,0700","12,6885","36,7101","32,8178","585,5911","808,3033"
"YPL","YAPI KREDİ PORTFÖY BALAT SERBEST (DÖVİZ) FON","Serbest Şemsiye Fonu","2,9864","5,9538","12,9965","18,6028","32,7448","348,7209","646,1850"
"IDD","LOGOS PORTFÖY DİNAMİK DAĞIMLI SERBEST FON","Serbest Şemsiye Fonu","-4,0878","-0,1504","14,6050","33,6008","32,5917","186,8536","321,6981"
"GAS","GARANTİ PORTFÖY ÜÇÜNCÜ SERBEST(DÖVİZ) FON","Serbest Şemsiye Fonu","2,8086","5,7740","12,4005","17,8821","32,3375","336,7421","628,0667"
"PDF","QİNVEST PORTFÖY BİRİNCİ SERBEST (DÖVİZ) FON","Serbest Şemsiye Fonu","2,9018","5,8263","12,9309","18,3802","32,3099","321,3457","-"
"RPX","ROTA PORTFÖY ÜÇÜNCÜ SERBEST (DÖVİZ) FON","Serbest Şemsiye Fonu","2,5076","5,2158","11,6591","16,9427","32,2759","-","-"
"KIS","QİNVEST PORTFÖY KİRA SERTİFİKASI KATILIM (DÖVİZ) FONU","Katılım Şemsiye Fonu","3,5837","5,4371","13,2843","18,4577","32,1235","322,4655","555,5345"
"IZS","İSTANBUL PORTFÖY ALTINCI SERBEST FON","Serbest Şemsiye Fonu","7,8970","4,5772","8,4586","12,4015","32,0726","297,4290","-"
"TPC","TEB PORTFÖY BİRİNCİ FON SEPETİ FONU","Fon Sepeti Şemsiye Fonu","-2,2603","2,6652","19,1148","22,6825","32,0682","236,8485","404,2939"
"AFS","AK PORTFÖY SAĞLIK SEKTÖRÜ YABANCI HİSSE SENEDİ FONU","Hisse Senedi Şemsiye Fonu","0,9718","3,6758","12,8934","16,5550","32,0524","277,6036","902,6049"
"TJF","TEB PORTFÖY SÜRDÜRÜLEBİLİRLİK FON SEPETİ FONU","Fon Sepeti Şemsiye Fonu","-6,2376","0,4554","16,9885","19,6255","31,9865","226,7019","-"
"EUZ","GARANTİ PORTFÖY SERBEST (DÖVİZ-AVRO) FON","Serbest Şemsiye Fonu","3,4579","6,6059","13,7717","15,7443","31,8215","294,7901","-"
"FI3","QNB FİNANS PORTFÖY BORÇLANMA ARAÇLARI FONU","Borçlanma Araçları Şemsiye Fonu","1,8045","8,5290","17,2334","22,1786","31,8186","131,0288","185,3553"
"YVG","YAPI KREDİ PORTFÖY SARIYER SERBEST (DÖVİZ-AVRO) FON","Serbest Şemsiye Fonu","3,5940","6,6378","14,0071","15,9648","31,5628","-","-"
"FMR","FİBA PORTFÖY MART 2025 SERBEST (DÖVİZ) FON","Serbest Şemsiye Fonu","2,6140","5,8034","12,7637","18,5535","31,4956","-","-"
"FPZ","QNB FİNANS PORTFÖY BİRİNCİ SERBEST (DÖVİZ) FON","Serbest Şemsiye Fonu","2,4124","5,2643","11,6688","17,0227","31,2256","332,1671","648,6603"
"OIL","OSMANLI PORTFÖY AGRESİF FON SEPETİ FONU","Fon Sepeti Şemsiye Fonu","-10,0241","3,0951","20,1192","24,4015","31,1719","-","-"
"AEV","ALLBATROSS PORTFÖY İHRACATÇI ŞİRKETLER HİSSE SENEDİ SERBEST (TL) FON (HİSSE SENEDİ YOĞUN FON)","Serbest Şemsiye Fonu","-11,5649","-6,1196","5,0835","30,5413","31,0403","-","-"
"IHT","İŞ PORTFÖY İHRACATÇI ŞİRKETLER HİSSE SENEDİ (TL) FONU (HİSSE SENEDİ YOĞUN FON)","Hisse Senedi Şemsiye Fonu","-8,8433","0,2127","5,7191","30,0977","31,0395","-","-"
"ZP6","ZİRAAT PORTFÖY SEDEF KATILIM SERBEST (DÖVİZ - AMERİKAN DOLARI) FON","Serbest Şemsiye Fonu","2,5946","5,8230","12,5318","18,0412","31,0237","-","-"
"YMD","YAPI KREDİ PORTFÖY MASLAK SERBEST (DÖVİZ- ABD DOLARI) FON","Serbest Şemsiye Fonu","2,4920","5,3171","11,7674","17,0769","31,0207","-","-"
"UPD","ÜNLÜ PORTFÖY DÖRDÜNCÜ SERBEST (DÖVIZ) FON","Serbest Şemsiye Fonu","2,5152","5,9206","12,5267","18,2028","30,7539","331,0062","653,1625"
"YJY","YAPI KREDİ PORTFÖY YENİKÖY SERBEST (DÖVİZ) FON","Serbest Şemsiye Fonu","2,6918","5,4952","12,3582","17,9336","30,6750","331,6158","-"
"GAG","INVEO PORTFÖY BİRİNCİ SERBEST (DÖVIZ)  FON","Serbest Şemsiye Fonu","2,4877","5,3975","11,7113","17,1050","30,4752","327,4854","643,0220"
"GBZ","AZİMUT PORTFÖY EMTİA FON SEPETİ FONU","Fon Sepeti Şemsiye Fonu","-2,3827","-3,2741","15,9777","14,7147","30,3858","-","-"
"OFI","OYAK PORTFÖY İKİNCİ FON SEPETİ FONU","Fon Sepeti Şemsiye Fonu","0,3855","3,4942","17,2749","20,1594","30,3814","-","-"
"YTV","YAPI KREDİ PORTFÖY TARIM DEĞİŞKEN FON","Değişken Şemsiye Fonu","-1,2510","3,0443","19,0574","20,8480","30,3514","-","-"
"OLA","OSMANLI PORTFÖY İKİNCİ SERBEST (DÖVİZ- AVRO) FON","Serbest Şemsiye Fonu","3,6306","6,3597","13,0152","15,2121","30,1697","-","-"
"DAS","DENİZ PORTFÖY ONİKİNCİ SERBEST (DÖVİZ) FON","Serbest Şemsiye Fonu","2,4556","5,3206","11,8639","17,3264","29,9948","-","-"
"HST","HSBC PORTFÖY  BORÇLANMA ARAÇLARI (TL) FONU","Borçlanma Araçları Şemsiye Fonu","-0,0302","6,6446","14,7588","17,4689","29,9587","117,5717","164,7972"
"TDG","İŞ PORTFÖY YABANCI BORÇLANMA ARAÇLARI FONU","Borçlanma Araçları Şemsiye Fonu","2,5545","5,4444","11,5673","16,7424","29,9096","265,2306","489,6229"
"ZP9","ZİRAAT PORTFÖY AKİK KATILIM SERBEST (DÖVİZ-AVRO) FON","Serbest Şemsiye Fonu","3,4594","6,6554","14,1266","15,9768","29,8408","-","-"
"PAL","AK PORTFÖY ALTINCI SERBEST(DÖVİZ) FON","Serbest Şemsiye Fonu","2,4678","5,3413","11,6047","16,9848","29,8244","329,7340","-"
"PBK","QİNVEST PORTFÖY BİRİNCİ KATILIM SERBEST(DÖVİZ) FON","Serbest Şemsiye Fonu","1,5122","4,0123","10,6538","15,6667","29,6437","335,6635","-"
"NZH","NEO PORTFÖY İKİNCİ DEĞİŞKEN FON","Değişken Şemsiye Fonu","-6,9279","-0,0028","6,2562","12,7963","29,6164","102,3788","-"
"IKP","İŞ PORTFÖY YENİLENEBİLİR ENERJİ KARMA FON","Karma Şemsiye Fonu","-0,8033","5,4619","20,4219","19,7964","29,5014","247,3797","-"
"GRO","GARANTİ PORTFÖY OTUZUNCU SERBEST (DÖVİZ) FON","Serbest Şemsiye Fonu","2,3479","5,1670","11,6040","17,1829","29,2994","-","-"
"YNK","YAPI KREDİ PORTFÖY NİŞANTAŞI KAR PAYI ÖDEYEN SERBEST (DÖVİZ) FON","Serbest Şemsiye Fonu","1,3860","4,7135","9,9778","13,7360","29,2855","-","-"
"YLO","YAPI KREDİ PORTFÖY ELEKTRİKLİ ARAÇLAR DEĞİŞKEN FON","Değişken Şemsiye Fonu","-6,3900","-0,5525","14,2097","18,8987","29,2597","-","-"
"NBZ","NEO PORTFÖY BİRİNCİ SERBEST (DÖVİZ) FON","Serbest Şemsiye Fonu","2,4132","5,2954","11,6237","16,6702","29,2373","357,6041","-"
"ONK","AK PORTFÖY ONİKİNCİ SERBEST (DÖVİZ-AVRO) FON","Serbest Şemsiye Fonu","3,5406","6,7110","13,8996","15,6312","29,1741","-","-"
"YP4","YAPI KREDİ PORTFÖY FERİKÖY SERBEST (DÖVİZ) FON","Serbest Şemsiye Fonu","2,3810","5,1412","11,3876","16,6147","29,1627","-","-"
"ONS","İŞ PORTFÖY ONİKİNCİ SERBEST (DÖVİZ) FON","Serbest Şemsiye Fonu","2,3778","5,1801","11,4890","16,7866","29,1423","-","-"
"DOV","DENİZ PORTFÖY ONÜÇÜNCÜ SERBEST (DÖVİZ-AVRO) FON","Serbest Şemsiye Fonu","3,5062","6,7232","14,0502","15,8421","29,0218","-","-"
"MTS","AKTİF PORTFÖY TARIM VE SÜRDÜRÜLEBİLİRLİK FON SEPETİ FONU","Fon Sepeti Şemsiye Fonu","-0,9360","0,4916","19,6391","19,7833","28,9207","-","-"
"MJL","AKTİF PORTFÖY AKTİF SERBEST (DÖVİZ-AVRO) FON","Serbest Şemsiye Fonu","3,4951","6,5913","13,5192","15,2493","28,4849","293,2533","-"
"KHT","ALLBATROSS PORTFÖY KARTAL HİSSE SENEDİ SERBEST (TL) FON (HİSSE SENEDİ YOĞUN FON)","Serbest Şemsiye Fonu","-5,3923","-7,7506","3,2455","33,3536","28,3618","-","-"
"ST1","STRATEJİ PORTFÖY BİRİNCİ HİSSE SENEDİ FONU (HİSSE SENEDİ YOĞUN FON)","Hisse Senedi Şemsiye Fonu","-9,1507","0,3371","1,9277","27,6223","28,1310","790,9633","1.751,8733"
"ZSF","ZİRAAT PORTFÖY S&P/OIC COMCEC (İSEDAK) 50 SHARİAH ŞİRKETLERİ YABANCI HİSSE SENEDİ FONU","Hisse Senedi Şemsiye Fonu","3,0841","6,8873","8,9139","16,6974","28,0220","-","-"
"FKE","QNB FİNANS PORTFÖY KRİSTAL SERBEST (DÖVİZ-AVRO) FON","Serbest Şemsiye Fonu","3,4210","6,4842","13,3765","14,9941","27,9827","-","-"
"OJB","QNB FİNANS PORTFÖY BEŞİNCİ SERBEST (DÖVİZ) FON","Serbest Şemsiye Fonu","2,2796","4,8631","10,7505","15,8875","27,8244","309,4769","-"
"GPL","GARANTİ PORTFÖY BİRİNCİ SERBEST (DÖVİZ) FON","Serbest Şemsiye Fonu","2,2787","4,9391","10,9594","16,0795","27,7282","-","-"
"YAS","YAPI KREDİ PORTFÖY KOÇ HOLDİNG İŞTİRAK VE HİSSE SENEDİ FONU(HİSSE SENEDİ YOĞUN FON)","Hisse Senedi Şemsiye Fonu","-12,2274","-13,4312","5,4482","25,6394","27,6607","599,8344","1.245,6470"
"KDL","KUVEYT TÜRK PORTFÖY BEŞİNCİ KATILIM SERBEST (DÖVİZ) FON","Serbest Şemsiye Fonu","2,2458","4,8513","10,7673","15,8725","27,5730","-","-"
"TZD","ZİRAAT PORTFÖY HİSSE SENEDİ FONU (HİSSE SENEDİ YOĞUN FON)","Hisse Senedi Şemsiye Fonu","-5,9310","-0,5318","4,8494","28,7219","27,1069","690,2820","1.098,3471"
"TCD","TACİRLER PORTFÖY DEĞIŞKEN FON","Değişken Şemsiye Fonu","-4,3150","4,3328","4,4632","28,1452","27,0671","573,3100","2.437,3819"
"GZY","GARANTİ PORTFÖY TURİZM VE SEYAHAT SEKTÖRÜ DEĞİŞKEN FON","Değişken Şemsiye Fonu","-7,2941","-4,1436","6,4154","18,7347","26,9869","-","-"
"DFC","DENİZ PORTFÖY TARIM VE GIDA DEĞİŞKEN FON","Değişken Şemsiye Fonu","0,5076","-2,2489","9,8635","18,3830","26,7572","-","-"
"KAV","KUVEYT TÜRK PORTFÖY ALTINCI KATILIM SERBEST (DÖVİZ-AVRO) FON","Serbest Şemsiye Fonu","3,3450","6,2560","12,8700","14,3312","26,6652","-","-"
"KIF","TRIVE PORTFÖY EMTİA SERBEST FON","Serbest Şemsiye Fonu","-0,4095","3,3346","21,3159","14,4903","26,1525","-","-"
"PPS","PHİLLİP PORTFÖY BİRİNCİ SERBEST FON","Serbest Şemsiye Fonu","-1,4184","4,1833","9,9914","14,3099","26,0123","-","-"
"ACU","İSTANBUL PORTFÖY URARTU SERBEST (DÖVİZ) FON","Serbest Şemsiye Fonu","2,0986","5,8958","12,6999","17,0187","26,0048","232,1747","537,9364"
"YUN","YAPI KREDİ PORTFÖY İSTİNYE SERBEST (DÖVİZ) FON","Serbest Şemsiye Fonu","3,2830","6,6024","14,2874","-","25,7190","-","-"
"AAS","ATA PORTFÖY FON SEPETİ SERBEST FONU","Serbest Şemsiye Fonu","-2,9340","1,7998","7,9053","13,8891","25,7189","104,7997","221,6520"
"AES","AK PORTFÖY PETROL YABANCI BYF FON SEPETİ FONU","Fon Sepeti Şemsiye Fonu","-3,1619","5,8120","13,8082","23,7451","25,6052","445,4407","557,1797"
"ZJI","ZİRAAT PORTFÖY İKİNCİ SERBEST (TL) FON","Serbest Şemsiye Fonu","-12,9956","-6,2362","-9,8959","14,5242","24,9370","306,8536","-"
"ARE","İSTANBUL PORTFÖY YABANCI (GELİŞMEKTE OLAN PİYASALAR) BORÇLANMA ARAÇLARI FONU","Borçlanma Araçları Şemsiye Fonu","2,4896","5,4624","8,6349","12,5225","24,7844","179,0624","318,9976"
"IMF","İSTANBUL PORTFÖY MAESTRO SERBEST FON","Serbest Şemsiye Fonu","2,7074","5,3027","11,1084","14,1661","24,6476","162,5546","-"
"YSL","YAPI KREDİ PORTFÖY KAR PAYI ÖDEYEN KİRA SERTİFİKALARI KATILIM SERBEST (DÖVİZ) FON","Serbest Şemsiye Fonu","2,5865","1,2379","8,2023","9,2922","24,2385","-","-"
"YGM","YAPI KREDİ PORTFÖY EMTİA SERBEST FON","Serbest Şemsiye Fonu","-3,8126","-1,2562","15,1345","16,1575","24,0886","-","-"
"GVA","GARANTİ PORTFÖY ELEKTRİKLİ VE OTONOM ARAÇLAR DEĞİŞKEN FON","Değişken Şemsiye Fonu","-9,6703","-5,1454","6,1540","14,5767","23,3430","-","-"
"TBT","TEB PORTFÖY BORÇLANMA ARAÇLARI FONU","Borçlanma Araçları Şemsiye Fonu","-1,2916","4,1193","7,7532","11,3819","23,3191","62,6302","105,1701"
"GZM","GLOBAL MD PORTFÖY DİNAMİK SERBEST (TL) FON","Serbest Şemsiye Fonu","-9,2435","-3,1761","2,1447","20,4417","23,3020","552,0441","-"
"RPM","ROTA PORTFÖY İLAÇ VE MEDİKAL TEKNOLOJİLERİ DEĞİŞKEN FON","Değişken Şemsiye Fonu","3,2017","5,9684","8,5551","19,6796","22,7074","-","-"
"ZBO","ZİRAAT PORTFÖY MUTLAK GETİRİ HEDEFLİ HİSSE SENEDİ SERBEST FON (HİSSE SENEDİ YOĞUN FON)","Serbest Şemsiye Fonu","4,0601","11,1968","19,6607","21,3163","22,5298","-","-"
"ICS","ICBC TURKEY PORTFÖY SERBEST (DÖVİZ) FON","Serbest Şemsiye Fonu","2,1850","4,0630","9,0895","13,7173","22,2482","275,1494","513,9337"
"FIT","FİBA PORTFÖY BORÇLANMA ARAÇLARI (TL) FONU","Borçlanma Araçları Şemsiye Fonu","1,2594","7,5733","13,3745","16,7748","22,0402","78,4888","129,2557"
"TGR","AK PORTFÖY TURİZM VE SEYAHAT SEKTÖRÜ DEĞİŞKEN FON","Değişken Şemsiye Fonu","-8,7193","-5,2194","2,2950","16,3237","21,8597","361,4950","-"
"TGE","İŞ PORTFÖY EMTİA YABANCI BYF FON SEPETİ FONU","Fon Sepeti Şemsiye Fonu","-2,6478","-2,6168","16,9513","16,6647","21,3363","302,0266","576,8578"
"DYN","DENİZ PORTFÖY ELEKTRİKLİ VE OTONOM ARAÇ TEKNOLOJİLERİ DEĞİŞKEN FON","Değişken Şemsiye Fonu","-8,2780","-4,0877","6,3423","11,0098","21,0634","-","-"
"PIL","ROTA PORTFÖY PİL TEKNOLOJİLERİ VE ENERJİ FON SEPETİ FONU","Fon Sepeti Şemsiye Fonu","-6,6394","-4,5776","10,5415","6,4344","20,9012","-","-"
"GZE","GARANTİ PORTFÖY EMTİA SERBEST FON","Serbest Şemsiye Fonu","-2,5023","-1,1908","14,1496","15,2135","20,6602","-","-"
"TPF","TACİRLER PORTFÖY BORÇLANMA ARAÇLARI FONU","Borçlanma Araçları Şemsiye Fonu","2,8920","9,4687","18,6391","22,5961","20,4220","107,2719","192,1379"
"OVD","QNB FİNANS PORTFÖY EMTİA FON SEPETİ FONU","Fon Sepeti Şemsiye Fonu","-1,9978","-1,9262","13,0552","13,5192","20,4198","-","-"
"APT","AK PORTFÖY ORTA VADELI BORÇLANMA ARAÇLARI FONU","Borçlanma Araçları Şemsiye Fonu","1,5675","10,3167","17,1209","20,0213","20,2357","66,2017","108,6421"
"TAR","AK PORTFÖY TARIM VE GIDA TEKNOLOJİLERİ DEĞİŞKEN FON","Değişken Şemsiye Fonu","-2,8796","0,9368","15,8101","20,3911","20,0128","-","-"
"TMV","TERA PORTFÖY ALGORİTMİK STRATEJİLER SERBEST FON","Serbest Şemsiye Fonu","-3,9739","-1,3887","-1,5589","19,4264","19,9905","-","-"
"FUA","AK PORTFÖY İHRACATÇI ŞİRKETLER HİSSE SENEDİ (TL) FONU (HİSSE SENEDİ YOĞUN FON)","Hisse Senedi Şemsiye Fonu","-8,9452","-8,3074","-5,2240","20,3923","18,8869","-","-"
"AJK","AK PORTFÖY 0-5 YIL VADELİ SERBEST (DÖVİZ) FON","Serbest Şemsiye Fonu","1,2032","1,1690","5,8632","9,2702","17,9993","292,4970","608,9262"
"YLC","ATA PORTFÖY TARIM VE GIDA DEĞİŞKEN FON","Değişken Şemsiye Fonu","-1,2811","-2,5797","9,4950","9,1512","17,7228","-","-"
"AOJ","ALLBATROSS PORTFÖY İNŞAAT SEKTÖRÜ HİSSE SENEDİ SERBEST (TL) FON (HİSSE SENEDİ YOĞUN FON)","Serbest Şemsiye Fonu","-8,6014","1,0496","3,5066","26,8828","17,4083","-","-"
"FBC","FONERİA PORTFÖY KAR PAYI ÖDEYEN KATILIM FONU","Katılım Şemsiye Fonu","-0,3350","1,9081","2,9120","1,9625","16,2729","-","-"
"DFD","DENİZ PORTFÖY EMTİA SERBEST FON","Serbest Şemsiye Fonu","-2,8463","-3,5423","8,8983","7,6402","15,2747","-","-"
"IPJ","İŞ PORTFÖY ELEKTRİKLİ ARAÇLAR KARMA FON","Karma Şemsiye Fonu","-6,8658","-4,1449","7,8648","5,4877","14,3938","207,4805","827,7535"
"GZL","GARANTİ PORTFÖY TARIM VE GIDA SEKTÖRÜ DEĞİŞKEN FON","Değişken Şemsiye Fonu","-1,5200","-0,4783","7,2238","9,5506","13,8107","-","-"
"AK2","AK PORTFÖY UZUN VADELİ BORÇLANMA ARAÇLARI FONU","Borçlanma Araçları Şemsiye Fonu","-0,6645","5,2321","7,7236","9,4435","9,0944","47,1427","72,2391"
"OLD","QNB FİNANS PORTFÖY TEMİZ ENERJİ VE SU FON SEPETİ FONU","Fon Sepeti Şemsiye Fonu","-4,8349","-3,6034","1,1895","4,2830","6,8709","-","-"
"BVM","ALLBATROSS PORTFÖY BİRİNCİ HİSSE SENEDİ SERBEST (TL) FON (HİSSE SENEDİ YOĞUN FON)","Serbest Şemsiye Fonu","-4,8104","-5,4818","-3,1621","12,0643","5,9697","-","-"
"YJH","YAPI KREDİ PORTFÖY TEMİZ ENERJİ DEĞİŞKEN FONU","Değişken Şemsiye Fonu","-7,3842","-1,9885","2,8970","0,6052","5,6644","-","-"
"TGX","TEB PORTFÖY TARIM VE GIDA TEKNOLOJİLERİ DEĞİŞKEN FON","Değişken Şemsiye Fonu","-2,1848","-12,2693","0,0979","-1,5622","1,8494","-","-"
"BDY","AK PORTFÖY BIST 100 DIŞI ŞİRKETLER HİSSE SENEDİ (TL) FONU (HİSSE SENEDİ YOĞUN FON)","Hisse Senedi Şemsiye Fonu","-1,9943","3,2774","-","-","-","-","-"
"VAY","AK PORTFÖY DEĞER ODAKLI 100 ŞİRKETLERİ HİSSE SENEDİ (TL) FONU (HİSSE SENEDİ YOĞUN FON)","Hisse Senedi Şemsiye Fonu","-10,4285","-3,3299","11,3709","34,9100","-","-","-"
"SAS","AK PORTFÖY SABANCI TOPLULUĞU ŞİRKETLERİ ENDEKSİ HİSSE SENEDİ (TL) FONU (HİSSE SENEDİ YOĞUN FON)","Hisse Senedi Şemsiye Fonu","-8,2684","-0,9946","-","-","-","-","-"
"AUV","AK PORTFÖY UZUN VADELİ SERBEST (DÖVİZ) FON","Serbest Şemsiye Fonu","3,6931","-","-","-","-","-","-"
"ONE","AKTİF PORTFÖY BİRİNCİ HİSSE SENEDİ SERBEST (TL) FON (HİSSE SENEDİ YOĞUN FON)","Serbest Şemsiye Fonu","-10,5725","-5,6095","7,5521","30,8041","-","-","-"
"CIN","AKTİF PORTFÖY BİRİNCİ SERBEST FON","Serbest Şemsiye Fonu","-4,1443","-1,0372","-","-","-","-","-"
"ENJ","AKTİF PORTFÖY ENERJİ ŞİRKETLERİ HİSSE SENEDİ (TL) FONU (HİSSE SENEDİ YOĞUN FON)","Hisse Senedi Şemsiye Fonu","-","-","-","-","-","-","-"
"EYT","AKTİF PORTFÖY İKİNCİ FON SEPETİ FONU","Fon Sepeti Şemsiye Fonu","-0,3135","7,4743","20,8583","32,8380","-","-","-"
"BUL","AKTİF PORTFÖY İNŞAAT SEKTÖRÜ HİSSE SENEDİ SERBEST (TL) FON (HİSSE SENEDİ YOĞUN FON)","Serbest Şemsiye Fonu","-3,6521","9,7940","13,0656","32,6457","-","-","-"
"SPT","AKTİF PORTFÖY KATILIM FON SEPETİ FONU","Fon Sepeti Şemsiye Fonu","-","-","-","-","-","-","-"
"GPT","AKTİF PORTFÖY ROBOTİK TEKNOLOJİLERİ DEĞİŞKEN FON","Değişken Şemsiye Fonu","-3,1620","0,7886","8,5668","-","-","-","-"
"CPU","AKTİF PORTFÖY TEKNOLOJİ KATILIM FONU","Katılım Şemsiye Fonu","-3,8861","5,5824","16,4426","40,0837","-","-","-"
"DOL","AKTİF PORTFÖY ÜÇÜNCÜ AKTİF SERBEST (DÖVİZ) FON","Serbest Şemsiye Fonu","2,5477","5,4125","-","-","-","-","-"
"AS1","ALLBATROSS PORTFÖY BİRİNCİ SERBEST (DÖVİZ) FON","Serbest Şemsiye Fonu","2,5393","5,7432","12,4627","17,4330","-","-","-"
"DEF","ALLBATROSS PORTFÖY DEFNE SERBEST FON","Serbest Şemsiye Fonu","-4,7902","7,8051","22,6833","53,0712","-","-","-"
"LID","ALLBATROSS PORTFÖY İKİNCİ DEĞİŞKEN FON","Değişken Şemsiye Fonu","0,6235","9,3157","23,2684","-","-","-","-"
"IHZ","ALLBATROSS PORTFÖY İKİNCİ HİSSE SENEDİ SERBEST FON (HİSSE SENEDİ YOĞUN FON)","Serbest Şemsiye Fonu","-9,6909","-6,7873","-12,5942","5,0754","-","-","-"
"KST","ALLBATROSS PORTFÖY KATILIM HİSSE SENEDİ (TL) FONU (HİSSE SENEDİ YOĞUN FON)","Hisse Senedi Şemsiye Fonu","-7,4359","-1,0607","5,9152","30,0662","-","-","-"
"KLS","ALLBATROSS PORTFÖY KATILIM SERBEST (DÖVİZ) FON","Serbest Şemsiye Fonu","-","-","-","-","-","-","-"
"KKL","ALLBATROSS PORTFÖY KISA VADELİ KATILIM SERBEST (TL) FON","Serbest Şemsiye Fonu","-","-","-","-","-","-","-"
"JET","ATA PORTFÖY HAVACILIK VE SAVUNMA TEKNOLOJİLERİ DEĞİŞKEN FON","Değişken Şemsiye Fonu","3,7944","8,3648","-","-","-","-","-"
"TAL","ATLAS PORTFÖY ALTIN KATILIM FONU","Kıymetli Madenler Şemsiye Fonu","5,1847","8,8092","-","-","-","-","-"
"BTZ","ATLAS PORTFÖY BIST 30 DIŞI ŞİRKETLER HİSSE SENEDİ FONU (HİSSE SENEDİ YOĞUN FON)","Hisse Senedi Şemsiye Fonu","-","-","-","-","-","-","-"
"KHJ","ATLAS PORTFÖY KATILIM HİSSE SENEDİ FONU (HİSSE SENEDİ YOĞUN FON)","Hisse Senedi Şemsiye Fonu","-","-","-","-","-","-","-"
"KLH","ATLAS PORTFÖY KATILIM HİSSE SENEDİ SERBEST FON (HİSSE SENEDİ YOĞUN FON)","Serbest Şemsiye Fonu","-","-","-","-","-","-","-"
"PPT","ATLAS PORTFÖY PARA PİYASASI (TL) FONU","Para Piyasası Şemsiye Fonu","4,3147","13,4578","27,7369","-","-","-","-"
"HIZ","AZİMUT PORTFÖY DİNAMİK DEĞİŞKEN FON","Değişken Şemsiye Fonu","-","-","-","-","-","-","-"
"KSK","AZİMUT PORTFÖY İKİNCİ KİRA SERTİFİKALARI KATILIM FONU","Katılım Şemsiye Fonu","3,4025","11,3992","22,3859","30,5657","-","-","-"
"KTI","AZİMUT PORTFÖY KATILIM HİSSE SENEDİ FONU (HİSSE SENEDİ YOĞUN FON)","Hisse Senedi Şemsiye Fonu","-7,1224","4,7642","14,9554","31,0807","-","-","-"
"KMF","AZİMUT PORTFÖY KIYMETLİ MADENLER KATILIM FONU","Katılım Şemsiye Fonu","2,2638","7,2583","35,5883","36,6371","-","-","-"
"TEJ","AZİMUT PORTFÖY TEKNOLOJİ FON SEPETİ FONU","Fon Sepeti Şemsiye Fonu","-4,7224","7,7727","-","-","-","-","-"
"ZMT","AZİMUT PORTFÖY 22.0 SERBEST (DÖVİZ-AVRO) FON","Serbest Şemsiye Fonu","4,0689","7,7037","14,9165","17,3017","-","-","-"
"BHI","BV PORTFÖY ALGORİTMİK STRATEJİLER HİSSE SENEDİ SERBEST (TL) FON (HİSSE SENEDİ YOĞUN FON)","Serbest Şemsiye Fonu","-6,1352","4,7649","16,6111","-","-","-","-"
"RUT","BV PORTFÖY ROBOTİK VE UZAY TEKNOLOJİLERİ DEĞİŞKEN FON","Değişken Şemsiye Fonu","0,2562","-","-","-","-","-","-"
"SPR","BV PORTFÖY SPOR ENDÜSTRİSİ DEĞİŞKEN FON","Değişken Şemsiye Fonu","-0,5494","-","-","-","-","-","-"
"BVV","BV PORTFÖY TEKNOLOJİ DEĞİŞKEN FON","Değişken Şemsiye Fonu","-9,8561","2,8570","7,7609","24,1699","-","-","-"
"DXP","DENİZ PORTFÖY İHRACATÇI ŞİRKETLER HİSSE SENEDİ FONU (HİSSE SENEDİ YOĞUN FON)","Hisse Senedi Şemsiye Fonu","-7,8804","-3,0754","13,0278","38,1092","-","-","-"
"DL2","DENİZ PORTFÖY İKİNCİ PARA PİYASASI (TL) FONU","Para Piyasası Şemsiye Fonu","4,3538","-","-","-","-","-","-"
"DKR","DENİZ PORTFÖY ONDÖRDÜNCÜ SERBEST FON","Serbest Şemsiye Fonu","-4,1592","-","-","-","-","-","-"
"FBI","FİBA PORTFÖY BİRİNCİ SERBEST (DÖVİZ) FON","Serbest Şemsiye Fonu","2,3672","5,1367","11,4393","16,7279","-","-","-"
"FSR","FİBA PORTFÖY İKİNCİ SERBEST (DÖVİZ-AVRO) FON","Serbest Şemsiye Fonu","3,4527","6,5941","13,7539","15,2615","-","-","-"
"FD1","FONERİA PORTFÖY BİRİNCİ DEĞİŞKEN FON","Değişken Şemsiye Fonu","-1,2743","-","-","-","-","-","-"
"GO9","FONERİA PORTFÖY BİRİNCİ HİSSE SENEDİ FONU (HİSSE SENEDİ YOĞUN FON)","Hisse Senedi Şemsiye Fonu","-7,8878","1,1870","8,9454","35,7128","-","-","-"
"FS5","FONERİA PORTFÖY BİRİNCİ İSTATİSTİKSEL ARBİTRAJ HİSSE SENEDİ SERBEST FON(HİSSE SENEDİ YOĞUN FON)","Serbest Şemsiye Fonu","5,0167","17,1544","-","-","-","-","-"
"FCK","FONERİA PORTFÖY ÇOKLU VARLIK KATILIM FONU","Katılım Şemsiye Fonu","-2,9285","-4,2434","0,2523","-","-","-","-"
"FDG","FONEVA PORTFÖY BİRİNCİ DEĞİŞKEN FON","Değişken Şemsiye Fonu","1,3660","10,5171","-","-","-","-","-"
"FPI","FONEVA PORTFÖY BİRİNCİ PARA PİYASASI (TL) FONU","Para Piyasası Şemsiye Fonu","3,1822","11,9278","-","-","-","-","-"
"GOL","GARANTİ PORTFÖY ALTIN KATILIM FONU","Katılım Şemsiye Fonu","5,0959","7,8756","-","-","-","-","-"
"GBJ","GARANTİ PORTFÖY BANKACILIK SEKTÖRÜ HİSSE SENEDİ SERBEST FON (HİSSE SENEDİ YOĞUN FON)","Serbest Şemsiye Fonu","-12,5566","6,5556","-","-","-","-","-"
"EUN","GARANTİ PORTFÖY İKİNCİ SERBEST (DÖVİZ-AVRO) FON","Serbest Şemsiye Fonu","4,3135","7,8620","-","-","-","-","-"
"GID","GARANTİ PORTFÖY İNŞAAT SEKTÖRÜ DEĞİŞKEN FON","Değişken Şemsiye Fonu","-2,6076","-","-","-","-","-","-"
"KDT","GARANTİ PORTFÖY KATILIM SERBEST (DÖVİZ) FON","Serbest Şemsiye Fonu","2,4881","5,2113","-","-","-","-","-"
"GUB","GARANTİ PORTFÖY ÖZEL SEKTÖR BORÇLANMA ARAÇLARI FONU","Borçlanma Araçları Şemsiye Fonu","4,3048","-","-","-","-","-","-"
"GUV","GARANTİ PORTFÖY UZUN VADELİ BORÇLANMA ARAÇLARI FONU","Borçlanma Araçları Şemsiye Fonu","0,5313","-","-","-","-","-","-"
"HAM","HEDEF PORTFÖY ALTIN KATILIM FONU","Katılım Şemsiye Fonu","6,7919","-","-","-","-","-","-"
"HAT","HEDEF PORTFÖY ATLAS İSTATİSTİKSEL ARBİTRAJ HİSSE SENEDİ SERBEST FON (HİSSE SENEDİ YOĞUN FON)","Serbest Şemsiye Fonu","-","-","-","-","-","-","-"
"HDA","HEDEF PORTFÖY DÖRDÜNCÜ İSTATİSTİKSEL ARBİTRAJ HİSSE SENEDİ SERBEST (TL) FON (HİSSE SENEDİ YOĞUN FON)","Serbest Şemsiye Fonu","4,8353","12,3770","27,3704","27,0712","-","-","-"
"FNT","HEDEF PORTFÖY MODEL HİSSE SENEDİ SERBEST (TL) FON (HİSSE SENEDİ YOĞUN FON)","Serbest Şemsiye Fonu","-8,9640","7,7311","13,5253","51,8799","-","-","-"
"HPH","HEDEF PORTFÖY PARA PİYASASI KATILIM FONU","Katılım Şemsiye Fonu","-","-","-","-","-","-","-"
"IDN","INVEO PORTFÖY DENGELİ DEĞİŞKEN FON","Değişken Şemsiye Fonu","2,4516","11,4899","32,8934","-","-","-","-"
"IV8","INVEO PORTFÖY KİRA SERTİFİKALARI KATILIM FONU","Katılım Şemsiye Fonu","3,9804","-","-","-","-","-","-"
"IAE","İSTANBUL PORTFÖY AGRESİF DEĞİŞKEN FON","Değişken Şemsiye Fonu","-4,3374","6,0078","-","-","-","-","-"
"IHP","İSTANBUL PORTFÖY İKİNCİ HİSSE SENEDİ SERBEST (TL) FON (HİSSE SENEDİ YOĞUN FON)","Serbest Şemsiye Fonu","-","-","-","-","-","-","-"
"IRO","İSTANBUL PORTFÖY ROBOTİK TEKNOLOJİLERİ SERBEST FON","Serbest Şemsiye Fonu","-6,9777","0,5387","8,2901","16,1150","-","-","-"
"IAM","İŞ PORTFÖY AGRESİF FON SEPETİ FONU","Fon Sepeti Şemsiye Fonu","-","-","-","-","-","-","-"
"BHL","İŞ PORTFÖY BİRİNCİ HİSSE SENEDİ SERBEST FON (HİSSE SENEDİ YOĞUN FON)","Serbest Şemsiye Fonu","-","-","-","-","-","-","-"
"KPH","İŞ PORTFÖY KAR PAYI ÖDEYEN HİSSE SENEDİ (TL) FONU (HİSSE SENEDİ YOĞUN FON)","Hisse Senedi Şemsiye Fonu","-9,7520","-","-","-","-","-","-"
"IDO","İŞ PORTFÖY ONDOKUZUNCU SERBEST (DÖVİZ-AVRO) FON","Serbest Şemsiye Fonu","3,4136","6,4303","-","-","-","-","-"
"BIO","İŞ PORTFÖY SÜRDÜRÜLEBİLİRLİK HİSSE SENEDİ (TL) FONU (HİSSE SENEDİ YOĞUN FON)","Hisse Senedi Şemsiye Fonu","-9,0675","10,3211","42,9126","75,1906","-","-","-"
"TMZ","İŞ PORTFÖY SÜRDÜRÜLEBİLİRLİK VE TARIM FON SEPETİ FONU","Fon Sepeti Şemsiye Fonu","-5,3424","1,1704","-","-","-","-","-"
"KPP","KARE PORTFÖY PARA PİYASASI FONU","Para Piyasası Şemsiye Fonu","4,2310","13,3102","27,6461","-","-","-","-"
"KNJ","KUVEYT TÜRK PORTFÖY ENERJİ KATILIM FONU","Katılım Şemsiye Fonu","-1,0838","-0,4351","-","-","-","-","-"
"KZU","KUVEYT TÜRK PORTFÖY İKİNCİ ALTIN KATILIM FONU","Katılım Şemsiye Fonu","5,8050","-","-","-","-","-","-"
"KTJ","KUVEYT TÜRK PORTFÖY TEKNOLOJİ KATILIM FONU","Katılım Şemsiye Fonu","0,1682","11,3779","-","-","-","-","-"
"NAU","NEO PORTFÖY ALTIN FONU","Kıymetli Madenler Şemsiye Fonu","7,2611","13,1113","-","-","-","-","-"
"NVZ","NEO PORTFÖY ORSA SERBEST (DÖVİZ) FON","Serbest Şemsiye Fonu","3,4953","6,9262","14,1562","15,9411","-","-","-"
"NSA","NEO PORTFÖY PARA PİYASASI KATILIM SERBEST FON","Serbest Şemsiye Fonu","3,8600","-","-","-","-","-","-"
"NTS","NUROL PORTFÖY İKİNCİ SERBEST FON","Serbest Şemsiye Fonu","-21,0860","-19,9741","-28,6142","-31,0686","-","-","-"
"OPF","OSMANLI PORTFÖY AGRESİF DEĞİŞKEN FON","Değişken Şemsiye Fonu","0,4790","3,6994","9,0141","13,3130","-","-","-"
"PAF","PARDUS PORTFÖY ALTIN FONU","Kıymetli Madenler Şemsiye Fonu","6,4582","10,5773","21,9450","22,2938","-","-","-"
"BDS","PARDUS PORTFÖY BIST 30 DIŞI ŞİRKETLER HİSSE SENEDİ (TL) FONU (HİSSE SENEDİ YOĞUN FON)","Hisse Senedi Şemsiye Fonu","2,0986","18,3671","-","-","-","-","-"
"BBF","PARDUS PORTFÖY BİRİNCİ BORÇLANMA ARAÇLARI (TL) FONU","Borçlanma Araçları Şemsiye Fonu","3,4609","11,8496","29,6400","36,4315","-","-","-"
"BHF","PARDUS PORTFÖY BİRİNCİ DEĞİŞKEN FON","Değişken Şemsiye Fonu","-4,5279","-2,6309","0,7131","20,1453","-","-","-"
"BIH","PARDUS PORTFÖY BİRİNCİ HİSSE SENEDİ (TL) FONU (HİSSE SENEDİ YOĞUN FON)","Hisse Senedi Şemsiye Fonu","5,5851","26,3610","76,4888","126,4107","-","-","-"
"ICH","PARDUS PORTFÖY İKİNCİ DEĞİŞKEN FON","Değişken Şemsiye Fonu","-6,9326","1,1088","-","-","-","-","-"
"KHA","PARDUS PORTFÖY İKİNCİ HİSSE SENEDİ (TL) FONU (HİSSE SENEDİ YOĞUN FON)","Hisse Senedi Şemsiye Fonu","-7,7750","1,4605","34,2296","-","-","-","-"
"KHC","PARDUS PORTFÖY KATILIM HİSSE SENEDİ (TL) FONU (HİSSE SENEDİ YOĞUN FON)","Hisse Senedi Şemsiye Fonu","-5,8106","3,0030","19,6555","-","-","-","-"
"PPP","PERFORM PORTFÖY PARA PİYASASI (TL) FONU","Para Piyasası Şemsiye Fonu","4,2489","13,3483","27,7369","-","-","-","-"
"PFO","PHİLLİP PORTFÖY FON SEPETİ FONU","Fon Sepeti Şemsiye Fonu","-4,6015","7,2317","21,8409","-","-","-","-"
"PPE","PHİLLİP PORTFÖY SERBEST (DÖVİZ) FON","Serbest Şemsiye Fonu","3,3821","8,0064","16,9126","21,9875","-","-","-"
"PBR","PUSULA PORTFÖY BİRİNCİ DEĞİŞKEN FON","Değişken Şemsiye Fonu","1,7263","13,4290","-","-","-","-","-"
"PHE","PUSULA PORTFÖY HİSSE SENEDİ FONU (HİSSE SENEDİ YOĞUN FON)","Hisse Senedi Şemsiye Fonu","-11,0054","-5,2752","-","-","-","-","-"
"PRY","PUSULA PORTFÖY PARA PİYASASI (TL) FONU","Para Piyasası Şemsiye Fonu","4,1878","13,0657","-","-","-","-","-"
"GRL","QNB FİNANS PORTFÖY AGRESİF SERBEST FON","Serbest Şemsiye Fonu","-4,2437","-2,0900","-","-","-","-","-"
"DNM","QNB FİNANS PORTFÖY DİNAMİK DAĞILIMLI SERBEST (DÖVİZ) FON","Serbest Şemsiye Fonu","2,0435","-","-","-","-","-","-"
"FMG","QNB FİNANS PORTFÖY GÜMÜŞ SERBEST FON","Serbest Şemsiye Fonu","-5,1676","3,9427","-","-","-","-","-"
"RJG","RE-PIE PORTFÖY ALTIN KATILIM FONU","Katılım Şemsiye Fonu","6,0482","9,3819","34,9800","33,4171","-","-","-"
"RBN","RE-PIE PORTFÖY BEŞİNCİ HİSSE SENEDİ SERBEST (TL) FON (HİSSE SENEDİ YOĞUN FON)","Serbest Şemsiye Fonu","-9,2292","6,0406","-","-","-","-","-"
"RBI","RE-PIE PORTFÖY BİRİNCİ SERBEST (DÖVİZ) FON","Serbest Şemsiye Fonu","4,7663","7,3418","16,8492","-","-","-","-"
"RKV","RE-PIE PORTFÖY KISA VADELİ KATILIM SERBEST (TL) FON","Serbest Şemsiye Fonu","3,7154","12,2744","-","-","-","-","-"
"RTD","RE-PIE PORTFÖY TEKNOLOJİ DEĞİŞKEN FON","Değişken Şemsiye Fonu","-","-","-","-","-","-","-"
"RBF","ROTA PORTFÖY BİRİNCİ BORÇLANMA ARAÇLARI FONU","Borçlanma Araçları Şemsiye Fonu","0,0290","-","-","-","-","-","-"
"RD1","ROTA PORTFÖY BİRİNCİ DEĞİŞKEN FON","Değişken Şemsiye Fonu","-","-","-","-","-","-","-"
"CPT","ROTA PORTFÖY ÇİP TEKNOLOJİLERİ DEĞİŞKEN FON","Değişken Şemsiye Fonu","-8,1569","3,1409","19,5865","39,0826","-","-","-"
"RDF","ROTA PORTFÖY DOKUZUNCU HİSSE SENEDİ SERBEST FON (HİSSE SENEDİ YOĞUN FON)","Serbest Şemsiye Fonu","-","-","-","-","-","-","-"
"RPI","ROTA PORTFÖY İKİNCİ HİSSE SENEDİ FONU (HİSSE SENEDİ YOĞUN FON)","Hisse Senedi Şemsiye Fonu","-9,2806","-","-","-","-","-","-"
"CFO","ROTA PORTFÖY İKİNCİ PARA PİYASASI FONU","Para Piyasası Şemsiye Fonu","4,3013","-","-","-","-","-","-"
"MGH","TEB PORTFÖY MUTLAK GETİRİ HEDEFLİ HİSSE SENEDİ SERBEST FON (HİSSE SENEDİ YOĞUN FON)","Serbest Şemsiye Fonu","2,9691","16,7565","-","-","-","-","-"
"TRO","TRIVE PORTFÖY ALTIN FONU","Kıymetli Madenler Şemsiye Fonu","4,9183","-","-","-","-","-","-"
"THT","TRİVE PORTFÖY HİSSE SENEDİ SERBEST FON (HİSSE SENEDİ YOĞUN FON)","Serbest Şemsiye Fonu","29,8221","-","-","-","-","-","-"
"YHB","YAPI KREDİ PORTFÖY BIST 100 DIŞI ŞİRKETLER HİSSE SENEDİ FONU (HİSSE SENEDİ YOĞUN FON)","Hisse Senedi Şemsiye Fonu","-7,3173","-4,3063","5,5161","31,7601","-","-","-"
"YDP","YAPI KREDİ PORTFÖY BİRİNCİ DEĞİŞKEN FON","Değişken Şemsiye Fonu","-7,8309","5,9614","-","-","-","-","-"
"YHK","YAPI KREDİ PORTFÖY KATILIM HİSSE SENEDİ FONU (HİSSE SENEDİ YOĞUN FON)","Hisse Senedi Şemsiye Fonu","-5,2565","0,9786","-","-","-","-","-"
"YTY","YAPI KREDİ PORTFÖY TARABYA SERBEST (DÖVİZ-AVRO) FON","Serbest Şemsiye Fonu","3,5136","6,8841","-","-","-","-","-"
"ZBI","ZİRAAT PORTFÖY ÇOKLU VARLIK BİRİNCİ KATILIM FONU","Katılım Şemsiye Fonu","2,9704","-","-","-","-","-","-"
"ZCK","ZİRAAT PORTFÖY ÇOKLU VARLIK İKİNCİ KATILIM FONU","Katılım Şemsiye Fonu","-0,2480","-","-","-","-","-","-"
"ZHH","ZİRAAT PORTFÖY HALKBANK SÜRDÜRÜLEBİLİRLİK 30 ŞİRKETLERİ HİSSE SENEDİ FONU (HİSSE SENEDİ YOĞUN FON)","Hisse Senedi Şemsiye Fonu","-","-","-","-","-","-","-"
"HKG","ZİRAAT PORTFÖY HALK'IN ÜRETEN KADINLARI DEĞİŞKEN FON","Değişken Şemsiye Fonu","-","-","-","-","-","-","-"
"GZH","GARANTİ PORTFÖY TEMİZ ENERJİ DEĞİŞKEN FON","Değişken Şemsiye Fonu","-5,5848","-5,6659","-3,4888","-0,3970","-1,3478","179,5981","-"
"VCY","AK PORTFÖY ELEKTRİKLİ VE OTONOM ARAÇ TEKNOLOJİLERİ DEĞİŞKEN FON","Değişken Şemsiye Fonu","-11,8073","-9,5007","-1,8987","1,2615","-2,1092","-","-"
"AOY","AK PORTFÖY ALTERNATİF ENERJİ YABANCI HİSSE SENEDİ FONU","Hisse Senedi Şemsiye Fonu","-3,6914","-2,3221","0,3838","-7,5626","-7,1906","94,9643","202,9032"
"BUY","AK PORTFÖY BÜYÜYEN ŞİRKETLER HİSSE SENEDİ (TL) FONU (HİSSE SENEDİ YOĞUN FON)","Hisse Senedi Şemsiye Fonu","-8,7276","-12,3659","-15,1979","1,6669","-8,2959","-","-"
"IZF","QİNVEST PORTFÖY İKİNCİ KATILIM SERBEST FON","Serbest Şemsiye Fonu","-25,1489","-50,9786","-54,1316","-63,9681","-62,2578","-34,3817","-"